f,num_client_procs,num_warmup_clients_per_proc,num_clients_per_proc,num_batchers,num_read_batchers,num_leaders,num_proxy_leaders,num_acceptor_groups,num_acceptors_per_group,num_replicas,num_proxy_replicas,flexible,distribution_scheme,client_jvm_heap_size,batcher_jvm_heap_size,read_batcher_jvm_heap_size,leader_jvm_heap_size,proxy_leader_jvm_heap_size,acceptor_jvm_heap_size,replica_jvm_heap_size,proxy_replica_jvm_heap_size,measurement_group_size,warmup_duration,warmup_timeout,warmup_sleep,duration,timeout,client_lag,state_machine,predetermined_read_fraction,workload_label,workload.num_keys,workload.read_fraction,workload.write_size_mean,workload.write_size_std,workload.name,read_workload.num_keys,read_workload.read_fraction,read_workload.write_size_mean,read_workload.write_size_std,read_workload.name,write_workload.num_keys,write_workload.read_fraction,write_workload.write_size_mean,write_workload.write_size_std,write_workload.name,read_consistency,profiled,monitored,prometheus_scrape_interval,batcher_options.batch_size,batcher_log_level,read_batcher_options.read_batching_scheme,read_batcher_options.unsafe_read_at_first_slot,read_batcher_options.unsafe_read_at_i,read_batcher_log_level,leader_options.resend_phase1as_period,leader_options.flush_phase2as_every_n,leader_options.noop_flush_period,leader_options.election_options.ping_period,leader_options.election_options.no_ping_timeout_min,leader_options.election_options.no_ping_timeout_max,leader_log_level,proxy_leader_options.flush_phase2as_every_n,proxy_leader_log_level,acceptor_log_level,replica_options.log_grow_size,replica_options.unsafe_dont_use_client_table,replica_options.send_chosen_watermark_every_n_entries,replica_options.recover_log_entry_min_period,replica_options.recover_log_entry_max_period,replica_options.unsafe_dont_recover,replica_log_level,proxy_replica_options.flush_every_n,proxy_replica_options.batch_flush,proxy_replica_log_level,client_options.resend_client_request_period,client_options.resend_max_slot_requests_period,client_options.resend_read_request_period,client_options.resend_sequential_read_request_period,client_options.resend_eventual_read_request_period,client_options.unsafe_read_at_first_slot,client_options.unsafe_read_at_i,client_options.flush_writes_every_n,client_options.flush_reads_every_n,client_log_level,read_output.latency.mean_ms,read_output.latency.median_ms,read_output.latency.min_ms,read_output.latency.max_ms,read_output.latency.p90_ms,read_output.latency.p95_ms,read_output.latency.p99_ms,read_output.start_throughput_1s.mean,read_output.start_throughput_1s.median,read_output.start_throughput_1s.min,read_output.start_throughput_1s.max,read_output.start_throughput_1s.p90,read_output.start_throughput_1s.p95,read_output.start_throughput_1s.p99,write_output.latency.mean_ms,write_output.latency.median_ms,write_output.latency.min_ms,write_output.latency.max_ms,write_output.latency.p90_ms,write_output.latency.p95_ms,write_output.latency.p99_ms,write_output.start_throughput_1s.mean,write_output.start_throughput_1s.median,write_output.start_throughput_1s.min,write_output.start_throughput_1s.max,write_output.start_throughput_1s.p90,write_output.start_throughput_1s.p95,write_output.start_throughput_1s.p99
1,1,1,1,0,0,2,10,2,2,4,0,True,DistributionScheme.HASH,8g,12g,12g,12g,12g,12g,12g,12g,10,0:00:10,0:00:15,0:00:05,0:00:15,0:00:20,0:00:05,KeyValueStore,-1,write_only,1,0.0,100,0,UniformReadWriteWorkload,1,1.0,16,0,UniformReadWriteWorkload,1,0.0,16,0,UniformReadWriteWorkload,linearizable,False,True,0:00:00.200000,0,info,"size,1,10s",False,False,info,0:00:01,1,0:00:00,0:01:00,0:02:00,0:04:00,info,1,info,info,5000,False,100,0:00:02,0:00:05,False,info,1,False,info,0:00:01,0:00:01,0:00:01,0:00:01,0:00:01,False,False,1,1,info,-1.0,-1.0,-1.0,-1.0,-1.0,-1.0,-1.0,-1.0,-1.0,-1.0,-1.0,-1.0,-1.0,-1.0,0.3637846140888208,0.3451385,0.298014,1.855504,0.4384732000000001,0.4742743999999999,0.5489027699999998,2660.9565916398715,2740.0,1860.0,2930.0,2920.0,2930.0,2930.0
1,1,50,50,0,0,2,10,2,2,4,0,True,DistributionScheme.HASH,8g,12g,12g,12g,12g,12g,12g,12g,10,0:00:10,0:00:15,0:00:05,0:00:15,0:00:20,0:00:05,KeyValueStore,-1,write_only,1,0.0,100,0,UniformReadWriteWorkload,1,1.0,16,0,UniformReadWriteWorkload,1,0.0,16,0,UniformReadWriteWorkload,linearizable,False,True,0:00:00.200000,0,info,"size,1,10s",False,False,info,0:00:01,10,0:00:00,0:01:00,0:02:00,0:04:00,info,1,info,info,5000,False,100,0:00:02,0:00:05,False,info,1,False,info,0:00:01,0:00:01,0:00:01,0:00:01,0:00:01,False,False,1,1,info,-1.0,-1.0,-1.0,-1.0,-1.0,-1.0,-1.0,-1.0,-1.0,-1.0,-1.0,-1.0,-1.0,-1.0,1.226506838374962,1.0645295,0.842773,1001.871709,1.3159044000000002,1.4366735999999998,1.8937490899999987,41240.99565225138,43940.0,9330.0,46150.0,45770.0,45830.0,46080.0
1,1,100,100,0,0,2,10,2,2,4,0,True,DistributionScheme.HASH,8g,12g,12g,12g,12g,12g,12g,12g,10,0:00:10,0:00:15,0:00:05,0:00:15,0:00:20,0:00:05,KeyValueStore,-1,write_only,1,0.0,100,0,UniformReadWriteWorkload,1,1.0,16,0,UniformReadWriteWorkload,1,0.0,16,0,UniformReadWriteWorkload,linearizable,False,True,0:00:00.200000,0,info,"size,1,10s",False,False,info,0:00:01,10,0:00:00,0:01:00,0:02:00,0:04:00,info,1,info,info,5000,False,100,0:00:02,0:00:05,False,info,1,False,info,0:00:01,0:00:01,0:00:01,0:00:01,0:00:01,False,False,1,1,info,-1.0,-1.0,-1.0,-1.0,-1.0,-1.0,-1.0,-1.0,-1.0,-1.0,-1.0,-1.0,-1.0,-1.0,1.740557557354713,1.4480655,0.820539,801.738457,1.8773475,2.0385126,3.206326970000004,48592.263952211135,49720.0,11770.0,62900.0,60380.0,60900.0,62760.0
1,2,100,100,0,0,2,10,2,2,4,0,True,DistributionScheme.HASH,8g,12g,12g,12g,12g,12g,12g,12g,10,0:00:10,0:00:15,0:00:05,0:00:15,0:00:20,0:00:05,KeyValueStore,-1,write_only,1,0.0,100,0,UniformReadWriteWorkload,1,1.0,16,0,UniformReadWriteWorkload,1,0.0,16,0,UniformReadWriteWorkload,linearizable,False,True,0:00:00.200000,0,info,"size,1,10s",False,False,info,0:00:01,10,0:00:00,0:01:00,0:02:00,0:04:00,info,1,info,info,5000,False,100,0:00:02,0:00:05,False,info,1,False,info,0:00:01,0:00:01,0:00:01,0:00:01,0:00:01,False,False,1,1,info,-1.0,-1.0,-1.0,-1.0,-1.0,-1.0,-1.0,-1.0,-1.0,-1.0,-1.0,-1.0,-1.0,-1.0,2.7422952513316656,1.700833,0.730644,1001.819664,2.2707404,2.5131794000000007,4.312156519999987,68806.39711972025,75410.0,8350.0,92230.0,90270.0,90990.0,91726.49999999994
1,3,100,100,0,0,2,10,2,2,4,0,True,DistributionScheme.HASH,8g,12g,12g,12g,12g,12g,12g,12g,10,0:00:10,0:00:15,0:00:05,0:00:15,0:00:20,0:00:05,KeyValueStore,-1,write_only,1,0.0,100,0,UniformReadWriteWorkload,1,1.0,16,0,UniformReadWriteWorkload,1,0.0,16,0,UniformReadWriteWorkload,linearizable,False,True,0:00:00.200000,0,info,"size,1,10s",False,False,info,0:00:01,10,0:00:00,0:01:00,0:02:00,0:04:00,info,1,info,info,5000,False,100,0:00:02,0:00:05,False,info,1,False,info,0:00:01,0:00:01,0:00:01,0:00:01,0:00:01,False,False,1,1,info,-1.0,-1.0,-1.0,-1.0,-1.0,-1.0,-1.0,-1.0,-1.0,-1.0,-1.0,-1.0,-1.0,-1.0,3.536417123205543,2.193024,0.643371,1002.059303,3.2878578000000003,3.84052625,11.62350199,99743.53311435271,116200.0,3790.0,124030.0,123140.0,123270.0,123530.0
1,4,100,100,0,0,2,10,2,2,4,0,True,DistributionScheme.HASH,8g,12g,12g,12g,12g,12g,12g,12g,10,0:00:10,0:00:15,0:00:05,0:00:15,0:00:20,0:00:05,KeyValueStore,-1,write_only,1,0.0,100,0,UniformReadWriteWorkload,1,1.0,16,0,UniformReadWriteWorkload,1,0.0,16,0,UniformReadWriteWorkload,linearizable,False,True,0:00:00.200000,0,info,"size,1,10s",False,False,info,0:00:01,10,0:00:00,0:01:00,0:02:00,0:04:00,info,1,info,info,5000,False,100,0:00:02,0:00:05,False,info,1,False,info,0:00:01,0:00:01,0:00:01,0:00:01,0:00:01,False,False,1,1,info,-1.0,-1.0,-1.0,-1.0,-1.0,-1.0,-1.0,-1.0,-1.0,-1.0,-1.0,-1.0,-1.0,-1.0,4.766044713895836,2.717815,0.659534,779.187657,5.7245732,7.1233535999999935,17.03184104000006,103117.30813342254,104900.0,4120.0,149850.0,146720.0,147550.0,149540.0
1,5,100,100,0,0,2,10,2,2,4,0,True,DistributionScheme.HASH,8g,12g,12g,12g,12g,12g,12g,12g,10,0:00:10,0:00:15,0:00:05,0:00:15,0:00:20,0:00:05,KeyValueStore,-1,write_only,1,0.0,100,0,UniformReadWriteWorkload,1,1.0,16,0,UniformReadWriteWorkload,1,0.0,16,0,UniformReadWriteWorkload,linearizable,False,True,0:00:00.200000,0,info,"size,1,10s",False,False,info,0:00:01,10,0:00:00,0:01:00,0:02:00,0:04:00,info,1,info,info,5000,False,100,0:00:02,0:00:05,False,info,1,False,info,0:00:01,0:00:01,0:00:01,0:00:01,0:00:01,False,False,1,1,info,-1.0,-1.0,-1.0,-1.0,-1.0,-1.0,-1.0,-1.0,-1.0,-1.0,-1.0,-1.0,-1.0,-1.0,5.393243766993949,3.265421,0.642244,1002.047333,5.3195036,6.176600200000001,22.646306440000004,99752.32904227728,114290.0,5240.0,134130.0,131490.0,132570.0,133870.0
1,6,100,100,0,0,2,10,2,2,4,0,True,DistributionScheme.HASH,8g,12g,12g,12g,12g,12g,12g,12g,10,0:00:10,0:00:15,0:00:05,0:00:15,0:00:20,0:00:05,KeyValueStore,-1,write_only,1,0.0,100,0,UniformReadWriteWorkload,1,1.0,16,0,UniformReadWriteWorkload,1,0.0,16,0,UniformReadWriteWorkload,linearizable,False,True,0:00:00.200000,0,info,"size,1,10s",False,False,info,0:00:01,10,0:00:00,0:01:00,0:02:00,0:04:00,info,1,info,info,5000,False,100,0:00:02,0:00:05,False,info,1,False,info,0:00:01,0:00:01,0:00:01,0:00:01,0:00:01,False,False,1,1,info,-1.0,-1.0,-1.0,-1.0,-1.0,-1.0,-1.0,-1.0,-1.0,-1.0,-1.0,-1.0,-1.0,-1.0,6.664518178775272,4.2390039999999996,0.634,1001.730382,6.7317785,8.051269,34.93194640000222,107300.22559225568,119370.0,4060.0,137920.0,136420.0,137150.0,137660.0
1,7,100,100,0,0,2,10,2,2,4,0,True,DistributionScheme.HASH,8g,12g,12g,12g,12g,12g,12g,12g,10,0:00:10,0:00:15,0:00:05,0:00:15,0:00:20,0:00:05,KeyValueStore,-1,write_only,1,0.0,100,0,UniformReadWriteWorkload,1,1.0,16,0,UniformReadWriteWorkload,1,0.0,16,0,UniformReadWriteWorkload,linearizable,False,True,0:00:00.200000,0,info,"size,1,10s",False,False,info,0:00:01,10,0:00:00,0:01:00,0:02:00,0:04:00,info,1,info,info,5000,False,100,0:00:02,0:00:05,False,info,1,False,info,0:00:01,0:00:01,0:00:01,0:00:01,0:00:01,False,False,1,1,info,-1.0,-1.0,-1.0,-1.0,-1.0,-1.0,-1.0,-1.0,-1.0,-1.0,-1.0,-1.0,-1.0,-1.0,7.488627138193902,4.794085,0.660789,1001.714046,7.8408363,9.320884999999983,97.68000848000057,101052.3708605152,119700.0,3000.0,135560.0,133350.0,134310.0,135260.0
1,8,100,100,0,0,2,10,2,2,4,0,True,DistributionScheme.HASH,8g,12g,12g,12g,12g,12g,12g,12g,10,0:00:10,0:00:15,0:00:05,0:00:15,0:00:20,0:00:05,KeyValueStore,-1,write_only,1,0.0,100,0,UniformReadWriteWorkload,1,1.0,16,0,UniformReadWriteWorkload,1,0.0,16,0,UniformReadWriteWorkload,linearizable,False,True,0:00:00.200000,0,info,"size,1,10s",False,False,info,0:00:01,10,0:00:00,0:01:00,0:02:00,0:04:00,info,1,info,info,5000,False,100,0:00:02,0:00:05,False,info,1,False,info,0:00:01,0:00:01,0:00:01,0:00:01,0:00:01,False,False,1,1,info,-1.0,-1.0,-1.0,-1.0,-1.0,-1.0,-1.0,-1.0,-1.0,-1.0,-1.0,-1.0,-1.0,-1.0,8.261975637917958,5.596145,0.668926,547.107811,8.440486400000003,10.198141799999997,55.68793367999999,108890.947900391,130980.0,10110.0,142690.0,137320.0,139230.0,141690.0
1,9,100,100,0,0,2,10,2,2,4,0,True,DistributionScheme.HASH,8g,12g,12g,12g,12g,12g,12g,12g,10,0:00:10,0:00:15,0:00:05,0:00:15,0:00:20,0:00:05,KeyValueStore,-1,write_only,1,0.0,100,0,UniformReadWriteWorkload,1,1.0,16,0,UniformReadWriteWorkload,1,0.0,16,0,UniformReadWriteWorkload,linearizable,False,True,0:00:00.200000,0,info,"size,1,10s",False,False,info,0:00:01,10,0:00:00,0:01:00,0:02:00,0:04:00,info,1,info,info,5000,False,100,0:00:02,0:00:05,False,info,1,False,info,0:00:01,0:00:01,0:00:01,0:00:01,0:00:01,False,False,1,1,info,-1.0,-1.0,-1.0,-1.0,-1.0,-1.0,-1.0,-1.0,-1.0,-1.0,-1.0,-1.0,-1.0,-1.0,9.42666930385034,6.205199,0.688711,548.716976,11.940084899999999,14.39091145,129.66664082001415,99401.15213292305,118860.0,5180.0,130360.0,126740.0,127480.0,129990.0
1,10,100,100,0,0,2,10,2,2,4,0,True,DistributionScheme.HASH,8g,12g,12g,12g,12g,12g,12g,12g,10,0:00:10,0:00:15,0:00:05,0:00:15,0:00:20,0:00:05,KeyValueStore,-1,write_only,1,0.0,100,0,UniformReadWriteWorkload,1,1.0,16,0,UniformReadWriteWorkload,1,0.0,16,0,UniformReadWriteWorkload,linearizable,False,True,0:00:00.200000,0,info,"size,1,10s",False,False,info,0:00:01,10,0:00:00,0:01:00,0:02:00,0:04:00,info,1,info,info,5000,False,100,0:00:02,0:00:05,False,info,1,False,info,0:00:01,0:00:01,0:00:01,0:00:01,0:00:01,False,False,1,1,info,-1.0,-1.0,-1.0,-1.0,-1.0,-1.0,-1.0,-1.0,-1.0,-1.0,-1.0,-1.0,-1.0,-1.0,11.06386607859618,7.239364,0.696435,650.494368,12.1204742,14.676111599999997,213.34755859999976,101857.0011720506,118440.0,6100.0,132360.0,130660.0,131540.0,132130.0
1,1,1,1,0,0,2,10,2,2,4,0,True,DistributionScheme.HASH,8g,12g,12g,12g,12g,12g,12g,12g,10,0:00:10,0:00:15,0:00:05,0:00:15,0:00:20,0:00:05,KeyValueStore,-1,write_only,1,0.0,1000,0,UniformReadWriteWorkload,1,1.0,16,0,UniformReadWriteWorkload,1,0.0,16,0,UniformReadWriteWorkload,linearizable,False,True,0:00:00.200000,0,info,"size,1,10s",False,False,info,0:00:01,1,0:00:00,0:01:00,0:02:00,0:04:00,info,1,info,info,5000,False,100,0:00:02,0:00:05,False,info,1,False,info,0:00:01,0:00:01,0:00:01,0:00:01,0:00:01,False,False,1,1,info,-1.0,-1.0,-1.0,-1.0,-1.0,-1.0,-1.0,-1.0,-1.0,-1.0,-1.0,-1.0,-1.0,-1.0,0.4576388277797264,0.424397,0.354979,21.420476,0.526473,0.5663275000000001,0.6359085,1957.94734904271,2070.0,1270.0,2280.0,2210.0,2270.0,2280.0
1,1,50,50,0,0,2,10,2,2,4,0,True,DistributionScheme.HASH,8g,12g,12g,12g,12g,12g,12g,12g,10,0:00:10,0:00:15,0:00:05,0:00:15,0:00:20,0:00:05,KeyValueStore,-1,write_only,1,0.0,1000,0,UniformReadWriteWorkload,1,1.0,16,0,UniformReadWriteWorkload,1,0.0,16,0,UniformReadWriteWorkload,linearizable,False,True,0:00:00.200000,0,info,"size,1,10s",False,False,info,0:00:01,10,0:00:00,0:01:00,0:02:00,0:04:00,info,1,info,info,5000,False,100,0:00:02,0:00:05,False,info,1,False,info,0:00:01,0:00:01,0:00:01,0:00:01,0:00:01,False,False,1,1,info,-1.0,-1.0,-1.0,-1.0,-1.0,-1.0,-1.0,-1.0,-1.0,-1.0,-1.0,-1.0,-1.0,-1.0,2.8749282694808125,2.503127,1.273971,752.35982,2.7057320000000002,2.8077616499999998,4.040191879999995,15293.774622385286,16090.0,3150.0,16890.0,16760.0,16800.0,16860.0
1,1,100,100,0,0,2,10,2,2,4,0,True,DistributionScheme.HASH,8g,12g,12g,12g,12g,12g,12g,12g,10,0:00:10,0:00:15,0:00:05,0:00:15,0:00:20,0:00:05,KeyValueStore,-1,write_only,1,0.0,1000,0,UniformReadWriteWorkload,1,1.0,16,0,UniformReadWriteWorkload,1,0.0,16,0,UniformReadWriteWorkload,linearizable,False,True,0:00:00.200000,0,info,"size,1,10s",False,False,info,0:00:01,10,0:00:00,0:01:00,0:02:00,0:04:00,info,1,info,info,5000,False,100,0:00:02,0:00:05,False,info,1,False,info,0:00:01,0:00:01,0:00:01,0:00:01,0:00:01,False,False,1,1,info,-1.0,-1.0,-1.0,-1.0,-1.0,-1.0,-1.0,-1.0,-1.0,-1.0,-1.0,-1.0,-1.0,-1.0,4.991486469946635,4.071398,1.3696,601.362304,4.7244254,5.0091714000000005,7.61032818999999,15124.205065757427,16250.0,1160.0,16930.0,16750.0,16810.0,16890.0
1,2,100,100,0,0,2,10,2,2,4,0,True,DistributionScheme.HASH,8g,12g,12g,12g,12g,12g,12g,12g,10,0:00:10,0:00:15,0:00:05,0:00:15,0:00:20,0:00:05,KeyValueStore,-1,write_only,1,0.0,1000,0,UniformReadWriteWorkload,1,1.0,16,0,UniformReadWriteWorkload,1,0.0,16,0,UniformReadWriteWorkload,linearizable,False,True,0:00:00.200000,0,info,"size,1,10s",False,False,info,0:00:01,10,0:00:00,0:01:00,0:02:00,0:04:00,info,1,info,info,5000,False,100,0:00:02,0:00:05,False,info,1,False,info,0:00:01,0:00:01,0:00:01,0:00:01,0:00:01,False,False,1,1,info,-1.0,-1.0,-1.0,-1.0,-1.0,-1.0,-1.0,-1.0,-1.0,-1.0,-1.0,-1.0,-1.0,-1.0,5.842443414350071,4.3944635000000005,1.131987,900.958483,6.293942100000001,7.268536749999999,14.34957874000002,24804.210468613837,29260.0,5503.0,31130.0,30550.0,30700.0,31080.0
1,3,100,100,0,0,2,10,2,2,4,0,True,DistributionScheme.HASH,8g,12g,12g,12g,12g,12g,12g,12g,10,0:00:10,0:00:15,0:00:05,0:00:15,0:00:20,0:00:05,KeyValueStore,-1,write_only,1,0.0,1000,0,UniformReadWriteWorkload,1,1.0,16,0,UniformReadWriteWorkload,1,0.0,16,0,UniformReadWriteWorkload,linearizable,False,True,0:00:00.200000,0,info,"size,1,10s",False,False,info,0:00:01,10,0:00:00,0:01:00,0:02:00,0:04:00,info,1,info,info,5000,False,100,0:00:02,0:00:05,False,info,1,False,info,0:00:01,0:00:01,0:00:01,0:00:01,0:00:01,False,False,1,1,info,-1.0,-1.0,-1.0,-1.0,-1.0,-1.0,-1.0,-1.0,-1.0,-1.0,-1.0,-1.0,-1.0,-1.0,6.86412937131615,4.256405,0.929693,1001.666501,6.176377,7.724931,88.75328360000015,35098.89135802469,36510.0,2910.0,49170.0,48520.0,48810.0,49050.0
1,4,100,100,0,0,2,10,2,2,4,0,True,DistributionScheme.HASH,8g,12g,12g,12g,12g,12g,12g,12g,10,0:00:10,0:00:15,0:00:05,0:00:15,0:00:20,0:00:05,KeyValueStore,-1,write_only,1,0.0,1000,0,UniformReadWriteWorkload,1,1.0,16,0,UniformReadWriteWorkload,1,0.0,16,0,UniformReadWriteWorkload,linearizable,False,True,0:00:00.200000,0,info,"size,1,10s",False,False,info,0:00:01,10,0:00:00,0:01:00,0:02:00,0:04:00,info,1,info,info,5000,False,100,0:00:02,0:00:05,False,info,1,False,info,0:00:01,0:00:01,0:00:01,0:00:01,0:00:01,False,False,1,1,info,-1.0,-1.0,-1.0,-1.0,-1.0,-1.0,-1.0,-1.0,-1.0,-1.0,-1.0,-1.0,-1.0,-1.0,8.99770044322044,5.286693,0.89418,1001.512697,10.759373,14.005728000000001,137.42269449999998,37437.25229032029,37210.0,9660.0,60850.0,56700.0,57410.0,57650.0
1,5,100,100,0,0,2,10,2,2,4,0,True,DistributionScheme.HASH,8g,12g,12g,12g,12g,12g,12g,12g,10,0:00:10,0:00:15,0:00:05,0:00:15,0:00:20,0:00:05,KeyValueStore,-1,write_only,1,0.0,1000,0,UniformReadWriteWorkload,1,1.0,16,0,UniformReadWriteWorkload,1,0.0,16,0,UniformReadWriteWorkload,linearizable,False,True,0:00:00.200000,0,info,"size,1,10s",False,False,info,0:00:01,10,0:00:00,0:01:00,0:02:00,0:04:00,info,1,info,info,5000,False,100,0:00:02,0:00:05,False,info,1,False,info,0:00:01,0:00:01,0:00:01,0:00:01,0:00:01,False,False,1,1,info,-1.0,-1.0,-1.0,-1.0,-1.0,-1.0,-1.0,-1.0,-1.0,-1.0,-1.0,-1.0,-1.0,-1.0,11.410851842886446,7.317623,0.903792,1001.369738,16.0270292,19.872868799999996,142.49349295999954,41356.828476608134,43970.0,9970.0,57260.0,55820.0,56060.0,57030.0
1,6,100,100,0,0,2,10,2,2,4,0,True,DistributionScheme.HASH,8g,12g,12g,12g,12g,12g,12g,12g,10,0:00:10,0:00:15,0:00:05,0:00:15,0:00:20,0:00:05,KeyValueStore,-1,write_only,1,0.0,1000,0,UniformReadWriteWorkload,1,1.0,16,0,UniformReadWriteWorkload,1,0.0,16,0,UniformReadWriteWorkload,linearizable,False,True,0:00:00.200000,0,info,"size,1,10s",False,False,info,0:00:01,10,0:00:00,0:01:00,0:02:00,0:04:00,info,1,info,info,5000,False,100,0:00:02,0:00:05,False,info,1,False,info,0:00:01,0:00:01,0:00:01,0:00:01,0:00:01,False,False,1,1,info,-1.0,-1.0,-1.0,-1.0,-1.0,-1.0,-1.0,-1.0,-1.0,-1.0,-1.0,-1.0,-1.0,-1.0,14.304556115999802,9.316874,0.882883,1001.48219,19.982101000000004,25.4308035,146.65311822000027,41962.6750361208,45260.0,10070.0,58340.0,55550.0,55660.0,55840.0
1,7,100,100,0,0,2,10,2,2,4,0,True,DistributionScheme.HASH,8g,12g,12g,12g,12g,12g,12g,12g,10,0:00:10,0:00:15,0:00:05,0:00:15,0:00:20,0:00:05,KeyValueStore,-1,write_only,1,0.0,1000,0,UniformReadWriteWorkload,1,1.0,16,0,UniformReadWriteWorkload,1,0.0,16,0,UniformReadWriteWorkload,linearizable,False,True,0:00:00.200000,0,info,"size,1,10s",False,False,info,0:00:01,10,0:00:00,0:01:00,0:02:00,0:04:00,info,1,info,info,5000,False,100,0:00:02,0:00:05,False,info,1,False,info,0:00:01,0:00:01,0:00:01,0:00:01,0:00:01,False,False,1,1,info,-1.0,-1.0,-1.0,-1.0,-1.0,-1.0,-1.0,-1.0,-1.0,-1.0,-1.0,-1.0,-1.0,-1.0,15.6949446577006,11.2966025,0.870883,4005.063997,20.555787300000006,26.051599249999974,165.6882184199995,43169.76413730364,46170.0,5266.0,59740.0,57684.000000000015,58240.0,59530.0
1,8,100,100,0,0,2,10,2,2,4,0,True,DistributionScheme.HASH,8g,12g,12g,12g,12g,12g,12g,12g,10,0:00:10,0:00:15,0:00:05,0:00:15,0:00:20,0:00:05,KeyValueStore,-1,write_only,1,0.0,1000,0,UniformReadWriteWorkload,1,1.0,16,0,UniformReadWriteWorkload,1,0.0,16,0,UniformReadWriteWorkload,linearizable,False,True,0:00:00.200000,0,info,"size,1,10s",False,False,info,0:00:01,10,0:00:00,0:01:00,0:02:00,0:04:00,info,1,info,info,5000,False,100,0:00:02,0:00:05,False,info,1,False,info,0:00:01,0:00:01,0:00:01,0:00:01,0:00:01,False,False,1,1,info,-1.0,-1.0,-1.0,-1.0,-1.0,-1.0,-1.0,-1.0,-1.0,-1.0,-1.0,-1.0,-1.0,-1.0,19.149261365087337,13.453104,0.908136,1001.252307,25.029071300000012,40.90598099999998,177.6970541000017,41871.75583588572,43520.0,6126.0,58920.0,58410.0,58540.0,58690.0
1,9,100,100,0,0,2,10,2,2,4,0,True,DistributionScheme.HASH,8g,12g,12g,12g,12g,12g,12g,12g,10,0:00:10,0:00:15,0:00:05,0:00:15,0:00:20,0:00:05,KeyValueStore,-1,write_only,1,0.0,1000,0,UniformReadWriteWorkload,1,1.0,16,0,UniformReadWriteWorkload,1,0.0,16,0,UniformReadWriteWorkload,linearizable,False,True,0:00:00.200000,0,info,"size,1,10s",False,False,info,0:00:01,10,0:00:00,0:01:00,0:02:00,0:04:00,info,1,info,info,5000,False,100,0:00:02,0:00:05,False,info,1,False,info,0:00:01,0:00:01,0:00:01,0:00:01,0:00:01,False,False,1,1,info,-1.0,-1.0,-1.0,-1.0,-1.0,-1.0,-1.0,-1.0,-1.0,-1.0,-1.0,-1.0,-1.0,-1.0,21.20280905761913,15.180157,0.904125,1001.409164,24.6347686,49.92126119999995,202.94528123999999,41690.95695239401,43860.0,2000.0,59690.0,58400.0,58530.0,58740.0
1,10,100,100,0,0,2,10,2,2,4,0,True,DistributionScheme.HASH,8g,12g,12g,12g,12g,12g,12g,12g,10,0:00:10,0:00:15,0:00:05,0:00:15,0:00:20,0:00:05,KeyValueStore,-1,write_only,1,0.0,1000,0,UniformReadWriteWorkload,1,1.0,16,0,UniformReadWriteWorkload,1,0.0,16,0,UniformReadWriteWorkload,linearizable,False,True,0:00:00.200000,0,info,"size,1,10s",False,False,info,0:00:01,10,0:00:00,0:01:00,0:02:00,0:04:00,info,1,info,info,5000,False,100,0:00:02,0:00:05,False,info,1,False,info,0:00:01,0:00:01,0:00:01,0:00:01,0:00:01,False,False,1,1,info,-1.0,-1.0,-1.0,-1.0,-1.0,-1.0,-1.0,-1.0,-1.0,-1.0,-1.0,-1.0,-1.0,-1.0,22.437534240853015,16.831044,0.887853,1336.287441,29.9231635,42.513198,211.48476914999958,42793.3049904897,45405.0,7425.0,61050.0,56290.0,57755.74999999997,60410.0
1,1,1,1,0,0,2,10,2,2,4,0,True,DistributionScheme.HASH,8g,12g,12g,12g,12g,12g,12g,12g,10,0:00:10,0:00:15,0:00:05,0:00:15,0:00:20,0:00:05,KeyValueStore,-1,write_only,1,0.0,100,0,UniformReadWriteWorkload,1,1.0,16,0,UniformReadWriteWorkload,1,0.0,16,0,UniformReadWriteWorkload,linearizable,False,True,0:00:00.200000,0,info,"size,1,10s",False,False,info,0:00:01,1,0:00:00,0:01:00,0:02:00,0:04:00,info,1,info,info,5000,False,100,0:00:02,0:00:05,False,info,1,False,info,0:00:01,0:00:01,0:00:01,0:00:01,0:00:01,False,False,1,1,info,-1.0,-1.0,-1.0,-1.0,-1.0,-1.0,-1.0,-1.0,-1.0,-1.0,-1.0,-1.0,-1.0,-1.0,0.38289089531459175,0.352839,0.299909,21.09799,0.4227483999999999,0.45276529999999987,0.51769044,2536.440135861874,2660.0,1510.0,2860.0,2840.0,2850.0,2860.0
1,1,50,50,0,0,2,10,2,2,4,0,True,DistributionScheme.HASH,8g,12g,12g,12g,12g,12g,12g,12g,10,0:00:10,0:00:15,0:00:05,0:00:15,0:00:20,0:00:05,KeyValueStore,-1,write_only,1,0.0,100,0,UniformReadWriteWorkload,1,1.0,16,0,UniformReadWriteWorkload,1,0.0,16,0,UniformReadWriteWorkload,linearizable,False,True,0:00:00.200000,0,info,"size,1,10s",False,False,info,0:00:01,10,0:00:00,0:01:00,0:02:00,0:04:00,info,1,info,info,5000,False,100,0:00:02,0:00:05,False,info,1,False,info,0:00:01,0:00:01,0:00:01,0:00:01,0:00:01,False,False,1,1,info,-1.0,-1.0,-1.0,-1.0,-1.0,-1.0,-1.0,-1.0,-1.0,-1.0,-1.0,-1.0,-1.0,-1.0,1.2101062551681732,1.0564339999999999,0.879121,1001.584491,1.2701995,1.3646854999999998,1.51567625,41706.14403994101,43500.0,9260.0,46380.0,45960.0,46210.0,46320.0
1,1,100,100,0,0,2,10,2,2,4,0,True,DistributionScheme.HASH,8g,12g,12g,12g,12g,12g,12g,12g,10,0:00:10,0:00:15,0:00:05,0:00:15,0:00:20,0:00:05,KeyValueStore,-1,write_only,1,0.0,100,0,UniformReadWriteWorkload,1,1.0,16,0,UniformReadWriteWorkload,1,0.0,16,0,UniformReadWriteWorkload,linearizable,False,True,0:00:00.200000,0,info,"size,1,10s",False,False,info,0:00:01,10,0:00:00,0:01:00,0:02:00,0:04:00,info,1,info,info,5000,False,100,0:00:02,0:00:05,False,info,1,False,info,0:00:01,0:00:01,0:00:01,0:00:01,0:00:01,False,False,1,1,info,-1.0,-1.0,-1.0,-1.0,-1.0,-1.0,-1.0,-1.0,-1.0,-1.0,-1.0,-1.0,-1.0,-1.0,1.7555057578003292,1.447082,0.824328,1001.996479,1.7398066,2.098152,2.4417523999999986,48404.983507336125,50890.0,17440.0,57530.0,55490.0,56390.0,57320.0
1,2,100,100,0,0,2,10,2,2,4,0,True,DistributionScheme.HASH,8g,12g,12g,12g,12g,12g,12g,12g,10,0:00:10,0:00:15,0:00:05,0:00:15,0:00:20,0:00:05,KeyValueStore,-1,write_only,1,0.0,100,0,UniformReadWriteWorkload,1,1.0,16,0,UniformReadWriteWorkload,1,0.0,16,0,UniformReadWriteWorkload,linearizable,False,True,0:00:00.200000,0,info,"size,1,10s",False,False,info,0:00:01,10,0:00:00,0:01:00,0:02:00,0:04:00,info,1,info,info,5000,False,100,0:00:02,0:00:05,False,info,1,False,info,0:00:01,0:00:01,0:00:01,0:00:01,0:00:01,False,False,1,1,info,-1.0,-1.0,-1.0,-1.0,-1.0,-1.0,-1.0,-1.0,-1.0,-1.0,-1.0,-1.0,-1.0,-1.0,3.047453435004207,1.736426,0.725258,2002.862901,2.3123534,2.540208,7.118209680000062,66936.99767651502,76850.0,2570.0,90410.0,88200.0,89380.0,90180.0
1,3,100,100,0,0,2,10,2,2,4,0,True,DistributionScheme.HASH,8g,12g,12g,12g,12g,12g,12g,12g,10,0:00:10,0:00:15,0:00:05,0:00:15,0:00:20,0:00:05,KeyValueStore,-1,write_only,1,0.0,100,0,UniformReadWriteWorkload,1,1.0,16,0,UniformReadWriteWorkload,1,0.0,16,0,UniformReadWriteWorkload,linearizable,False,True,0:00:00.200000,0,info,"size,1,10s",False,False,info,0:00:01,10,0:00:00,0:01:00,0:02:00,0:04:00,info,1,info,info,5000,False,100,0:00:02,0:00:05,False,info,1,False,info,0:00:01,0:00:01,0:00:01,0:00:01,0:00:01,False,False,1,1,info,-1.0,-1.0,-1.0,-1.0,-1.0,-1.0,-1.0,-1.0,-1.0,-1.0,-1.0,-1.0,-1.0,-1.0,3.403020494225232,1.9512390000000002,0.688592,1000.82174,3.0412143,3.5854289999999986,7.9592536499999955,97755.39706658045,108390.0,3080.0,132110.0,128560.0,131100.0,131670.0
1,4,100,100,0,0,2,10,2,2,4,0,True,DistributionScheme.HASH,8g,12g,12g,12g,12g,12g,12g,12g,10,0:00:10,0:00:15,0:00:05,0:00:15,0:00:20,0:00:05,KeyValueStore,-1,write_only,1,0.0,100,0,UniformReadWriteWorkload,1,1.0,16,0,UniformReadWriteWorkload,1,0.0,16,0,UniformReadWriteWorkload,linearizable,False,True,0:00:00.200000,0,info,"size,1,10s",False,False,info,0:00:01,10,0:00:00,0:01:00,0:02:00,0:04:00,info,1,info,info,5000,False,100,0:00:02,0:00:05,False,info,1,False,info,0:00:01,0:00:01,0:00:01,0:00:01,0:00:01,False,False,1,1,info,-1.0,-1.0,-1.0,-1.0,-1.0,-1.0,-1.0,-1.0,-1.0,-1.0,-1.0,-1.0,-1.0,-1.0,4.559434748299057,2.816705,0.685347,566.638873,5.121911,5.9932222500000005,16.285155950000036,106558.77765186607,119560.0,2580.0,132330.0,127140.0,129840.0,131890.0
1,5,100,100,0,0,2,10,2,2,4,0,True,DistributionScheme.HASH,8g,12g,12g,12g,12g,12g,12g,12g,10,0:00:10,0:00:15,0:00:05,0:00:15,0:00:20,0:00:05,KeyValueStore,-1,write_only,1,0.0,100,0,UniformReadWriteWorkload,1,1.0,16,0,UniformReadWriteWorkload,1,0.0,16,0,UniformReadWriteWorkload,linearizable,False,True,0:00:00.200000,0,info,"size,1,10s",False,False,info,0:00:01,10,0:00:00,0:01:00,0:02:00,0:04:00,info,1,info,info,5000,False,100,0:00:02,0:00:05,False,info,1,False,info,0:00:01,0:00:01,0:00:01,0:00:01,0:00:01,False,False,1,1,info,-1.0,-1.0,-1.0,-1.0,-1.0,-1.0,-1.0,-1.0,-1.0,-1.0,-1.0,-1.0,-1.0,-1.0,5.446081571102337,3.4877825,0.675282,2003.381235,5.9313105,7.059104499999998,19.827180779999992,105475.21040649385,118303.0,1770.0,139180.0,131120.0,137150.0,138700.0
1,6,100,100,0,0,2,10,2,2,4,0,True,DistributionScheme.HASH,8g,12g,12g,12g,12g,12g,12g,12g,10,0:00:10,0:00:15,0:00:05,0:00:15,0:00:20,0:00:05,KeyValueStore,-1,write_only,1,0.0,100,0,UniformReadWriteWorkload,1,1.0,16,0,UniformReadWriteWorkload,1,0.0,16,0,UniformReadWriteWorkload,linearizable,False,True,0:00:00.200000,0,info,"size,1,10s",False,False,info,0:00:01,10,0:00:00,0:01:00,0:02:00,0:04:00,info,1,info,info,5000,False,100,0:00:02,0:00:05,False,info,1,False,info,0:00:01,0:00:01,0:00:01,0:00:01,0:00:01,False,False,1,1,info,-1.0,-1.0,-1.0,-1.0,-1.0,-1.0,-1.0,-1.0,-1.0,-1.0,-1.0,-1.0,-1.0,-1.0,6.951355719758003,4.2109845,0.673974,1001.68685,7.531677299999999,9.177198699999998,101.48748594000018,100044.7409928719,115620.0,4450.0,135070.0,134380.0,134610.0,134850.0
1,7,100,100,0,0,2,10,2,2,4,0,True,DistributionScheme.HASH,8g,12g,12g,12g,12g,12g,12g,12g,10,0:00:10,0:00:15,0:00:05,0:00:15,0:00:20,0:00:05,KeyValueStore,-1,write_only,1,0.0,100,0,UniformReadWriteWorkload,1,1.0,16,0,UniformReadWriteWorkload,1,0.0,16,0,UniformReadWriteWorkload,linearizable,False,True,0:00:00.200000,0,info,"size,1,10s",False,False,info,0:00:01,10,0:00:00,0:01:00,0:02:00,0:04:00,info,1,info,info,5000,False,100,0:00:02,0:00:05,False,info,1,False,info,0:00:01,0:00:01,0:00:01,0:00:01,0:00:01,False,False,1,1,info,-1.0,-1.0,-1.0,-1.0,-1.0,-1.0,-1.0,-1.0,-1.0,-1.0,-1.0,-1.0,-1.0,-1.0,6.644821075545276,4.583656,0.670444,1001.591655,6.688029,7.7384322,28.33711217999982,108027.08033434105,123990.5,3030.0,149520.0,144180.0,145740.0,148230.0
1,8,100,100,0,0,2,10,2,2,4,0,True,DistributionScheme.HASH,8g,12g,12g,12g,12g,12g,12g,12g,10,0:00:10,0:00:15,0:00:05,0:00:15,0:00:20,0:00:05,KeyValueStore,-1,write_only,1,0.0,100,0,UniformReadWriteWorkload,1,1.0,16,0,UniformReadWriteWorkload,1,0.0,16,0,UniformReadWriteWorkload,linearizable,False,True,0:00:00.200000,0,info,"size,1,10s",False,False,info,0:00:01,10,0:00:00,0:01:00,0:02:00,0:04:00,info,1,info,info,5000,False,100,0:00:02,0:00:05,False,info,1,False,info,0:00:01,0:00:01,0:00:01,0:00:01,0:00:01,False,False,1,1,info,-1.0,-1.0,-1.0,-1.0,-1.0,-1.0,-1.0,-1.0,-1.0,-1.0,-1.0,-1.0,-1.0,-1.0,8.407058252039608,5.597608,0.649428,3004.033447,9.478691,11.575359,57.91098420000264,107294.00032490838,126690.0,4500.0,135530.0,131520.0,131890.0,134280.0
1,9,100,100,0,0,2,10,2,2,4,0,True,DistributionScheme.HASH,8g,12g,12g,12g,12g,12g,12g,12g,10,0:00:10,0:00:15,0:00:05,0:00:15,0:00:20,0:00:05,KeyValueStore,-1,write_only,1,0.0,100,0,UniformReadWriteWorkload,1,1.0,16,0,UniformReadWriteWorkload,1,0.0,16,0,UniformReadWriteWorkload,linearizable,False,True,0:00:00.200000,0,info,"size,1,10s",False,False,info,0:00:01,10,0:00:00,0:01:00,0:02:00,0:04:00,info,1,info,info,5000,False,100,0:00:02,0:00:05,False,info,1,False,info,0:00:01,0:00:01,0:00:01,0:00:01,0:00:01,False,False,1,1,info,-1.0,-1.0,-1.0,-1.0,-1.0,-1.0,-1.0,-1.0,-1.0,-1.0,-1.0,-1.0,-1.0,-1.0,9.24006240986941,6.208673,0.686212,1001.682405,10.283199699999999,12.4977993,114.04994789000011,108809.99866225185,127400.0,4080.0,141010.0,138230.0,139130.0,140600.0
1,10,100,100,0,0,2,10,2,2,4,0,True,DistributionScheme.HASH,8g,12g,12g,12g,12g,12g,12g,12g,10,0:00:10,0:00:15,0:00:05,0:00:15,0:00:20,0:00:05,KeyValueStore,-1,write_only,1,0.0,100,0,UniformReadWriteWorkload,1,1.0,16,0,UniformReadWriteWorkload,1,0.0,16,0,UniformReadWriteWorkload,linearizable,False,True,0:00:00.200000,0,info,"size,1,10s",False,False,info,0:00:01,10,0:00:00,0:01:00,0:02:00,0:04:00,info,1,info,info,5000,False,100,0:00:02,0:00:05,False,info,1,False,info,0:00:01,0:00:01,0:00:01,0:00:01,0:00:01,False,False,1,1,info,-1.0,-1.0,-1.0,-1.0,-1.0,-1.0,-1.0,-1.0,-1.0,-1.0,-1.0,-1.0,-1.0,-1.0,11.941799426653352,7.083797,0.66345,1144.826748,12.665149200000013,15.904859599999998,223.83864436000005,98353.1718896327,109980.0,10060.0,131340.0,130110.0,130460.0,130950.0
1,1,1,1,0,0,2,10,2,2,4,0,True,DistributionScheme.HASH,8g,12g,12g,12g,12g,12g,12g,12g,10,0:00:10,0:00:15,0:00:05,0:00:15,0:00:20,0:00:05,KeyValueStore,-1,write_only,1,0.0,1000,0,UniformReadWriteWorkload,1,1.0,16,0,UniformReadWriteWorkload,1,0.0,16,0,UniformReadWriteWorkload,linearizable,False,True,0:00:00.200000,0,info,"size,1,10s",False,False,info,0:00:01,1,0:00:00,0:01:00,0:02:00,0:04:00,info,1,info,info,5000,False,100,0:00:02,0:00:05,False,info,1,False,info,0:00:01,0:00:01,0:00:01,0:00:01,0:00:01,False,False,1,1,info,-1.0,-1.0,-1.0,-1.0,-1.0,-1.0,-1.0,-1.0,-1.0,-1.0,-1.0,-1.0,-1.0,-1.0,0.4528895347052669,0.422,0.355907,21.25872,0.5174898,0.5526371999999999,0.6353108600000007,1943.955628896223,2000.0,1400.0,2290.0,2210.0,2220.0,2290.0
1,1,50,50,0,0,2,10,2,2,4,0,True,DistributionScheme.HASH,8g,12g,12g,12g,12g,12g,12g,12g,10,0:00:10,0:00:15,0:00:05,0:00:15,0:00:20,0:00:05,KeyValueStore,-1,write_only,1,0.0,1000,0,UniformReadWriteWorkload,1,1.0,16,0,UniformReadWriteWorkload,1,0.0,16,0,UniformReadWriteWorkload,linearizable,False,True,0:00:00.200000,0,info,"size,1,10s",False,False,info,0:00:01,10,0:00:00,0:01:00,0:02:00,0:04:00,info,1,info,info,5000,False,100,0:00:02,0:00:05,False,info,1,False,info,0:00:01,0:00:01,0:00:01,0:00:01,0:00:01,False,False,1,1,info,-1.0,-1.0,-1.0,-1.0,-1.0,-1.0,-1.0,-1.0,-1.0,-1.0,-1.0,-1.0,-1.0,-1.0,2.9880444584668244,2.477596,1.260564,1002.632418,2.7135920000000002,2.8547358,4.2371691999999985,15273.043836291914,16550.0,570.0,17040.0,16920.0,16960.0,17010.0
1,1,100,100,0,0,2,10,2,2,4,0,True,DistributionScheme.HASH,8g,12g,12g,12g,12g,12g,12g,12g,10,0:00:10,0:00:15,0:00:05,0:00:15,0:00:20,0:00:05,KeyValueStore,-1,write_only,1,0.0,1000,0,UniformReadWriteWorkload,1,1.0,16,0,UniformReadWriteWorkload,1,0.0,16,0,UniformReadWriteWorkload,linearizable,False,True,0:00:00.200000,0,info,"size,1,10s",False,False,info,0:00:01,10,0:00:00,0:01:00,0:02:00,0:04:00,info,1,info,info,5000,False,100,0:00:02,0:00:05,False,info,1,False,info,0:00:01,0:00:01,0:00:01,0:00:01,0:00:01,False,False,1,1,info,-1.0,-1.0,-1.0,-1.0,-1.0,-1.0,-1.0,-1.0,-1.0,-1.0,-1.0,-1.0,-1.0,-1.0,4.491236807469023,3.9918955,1.364804,779.917141,4.6224585,4.82238155,6.340961379999998,15822.291847629389,16580.0,5750.0,17020.0,16860.0,16890.0,16980.0
1,2,100,100,0,0,2,10,2,2,4,0,True,DistributionScheme.HASH,8g,12g,12g,12g,12g,12g,12g,12g,10,0:00:10,0:00:15,0:00:05,0:00:15,0:00:20,0:00:05,KeyValueStore,-1,write_only,1,0.0,1000,0,UniformReadWriteWorkload,1,1.0,16,0,UniformReadWriteWorkload,1,0.0,16,0,UniformReadWriteWorkload,linearizable,False,True,0:00:00.200000,0,info,"size,1,10s",False,False,info,0:00:01,10,0:00:00,0:01:00,0:02:00,0:04:00,info,1,info,info,5000,False,100,0:00:02,0:00:05,False,info,1,False,info,0:00:01,0:00:01,0:00:01,0:00:01,0:00:01,False,False,1,1,info,-1.0,-1.0,-1.0,-1.0,-1.0,-1.0,-1.0,-1.0,-1.0,-1.0,-1.0,-1.0,-1.0,-1.0,6.111927513698047,4.429546,1.095442,1001.975023,6.502700800000001,7.413232999999998,18.26028584000005,24446.2755643703,26990.0,6120.0,31260.0,30350.0,30790.0,31020.0
1,3,100,100,0,0,2,10,2,2,4,0,True,DistributionScheme.HASH,8g,12g,12g,12g,12g,12g,12g,12g,10,0:00:10,0:00:15,0:00:05,0:00:15,0:00:20,0:00:05,KeyValueStore,-1,write_only,1,0.0,1000,0,UniformReadWriteWorkload,1,1.0,16,0,UniformReadWriteWorkload,1,0.0,16,0,UniformReadWriteWorkload,linearizable,False,True,0:00:00.200000,0,info,"size,1,10s",False,False,info,0:00:01,10,0:00:00,0:01:00,0:02:00,0:04:00,info,1,info,info,5000,False,100,0:00:02,0:00:05,False,info,1,False,info,0:00:01,0:00:01,0:00:01,0:00:01,0:00:01,False,False,1,1,info,-1.0,-1.0,-1.0,-1.0,-1.0,-1.0,-1.0,-1.0,-1.0,-1.0,-1.0,-1.0,-1.0,-1.0,6.500933558430332,4.261929500000001,0.864431,1001.238955,6.141269299999999,8.268442599999982,25.877926399999907,35116.292285454045,34690.0,8720.0,48830.0,48040.0,48580.0,48690.0
1,4,100,100,0,0,2,10,2,2,4,0,True,DistributionScheme.HASH,8g,12g,12g,12g,12g,12g,12g,12g,10,0:00:10,0:00:15,0:00:05,0:00:15,0:00:20,0:00:05,KeyValueStore,-1,write_only,1,0.0,1000,0,UniformReadWriteWorkload,1,1.0,16,0,UniformReadWriteWorkload,1,0.0,16,0,UniformReadWriteWorkload,linearizable,False,True,0:00:00.200000,0,info,"size,1,10s",False,False,info,0:00:01,10,0:00:00,0:01:00,0:02:00,0:04:00,info,1,info,info,5000,False,100,0:00:02,0:00:05,False,info,1,False,info,0:00:01,0:00:01,0:00:01,0:00:01,0:00:01,False,False,1,1,info,-1.0,-1.0,-1.0,-1.0,-1.0,-1.0,-1.0,-1.0,-1.0,-1.0,-1.0,-1.0,-1.0,-1.0,8.635567717279859,5.813586,0.874543,601.485371,12.1586772,14.906474199999995,76.24258151999997,41756.40617990693,42860.0,9840.0,59850.0,58610.0,58980.0,59540.0
1,5,100,100,0,0,2,10,2,2,4,0,True,DistributionScheme.HASH,8g,12g,12g,12g,12g,12g,12g,12g,10,0:00:10,0:00:15,0:00:05,0:00:15,0:00:20,0:00:05,KeyValueStore,-1,write_only,1,0.0,1000,0,UniformReadWriteWorkload,1,1.0,16,0,UniformReadWriteWorkload,1,0.0,16,0,UniformReadWriteWorkload,linearizable,False,True,0:00:00.200000,0,info,"size,1,10s",False,False,info,0:00:01,10,0:00:00,0:01:00,0:02:00,0:04:00,info,1,info,info,5000,False,100,0:00:02,0:00:05,False,info,1,False,info,0:00:01,0:00:01,0:00:01,0:00:01,0:00:01,False,False,1,1,info,-1.0,-1.0,-1.0,-1.0,-1.0,-1.0,-1.0,-1.0,-1.0,-1.0,-1.0,-1.0,-1.0,-1.0,11.34433963932979,7.44044,0.909617,1001.461547,14.709524200000002,18.223748399999998,138.22449123999942,42057.64707367996,43290.0,6364.0,58920.0,58010.0,58250.0,58670.0
1,6,100,100,0,0,2,10,2,2,4,0,True,DistributionScheme.HASH,8g,12g,12g,12g,12g,12g,12g,12g,10,0:00:10,0:00:15,0:00:05,0:00:15,0:00:20,0:00:05,KeyValueStore,-1,write_only,1,0.0,1000,0,UniformReadWriteWorkload,1,1.0,16,0,UniformReadWriteWorkload,1,0.0,16,0,UniformReadWriteWorkload,linearizable,False,True,0:00:00.200000,0,info,"size,1,10s",False,False,info,0:00:01,10,0:00:00,0:01:00,0:02:00,0:04:00,info,1,info,info,5000,False,100,0:00:02,0:00:05,False,info,1,False,info,0:00:01,0:00:01,0:00:01,0:00:01,0:00:01,False,False,1,1,info,-1.0,-1.0,-1.0,-1.0,-1.0,-1.0,-1.0,-1.0,-1.0,-1.0,-1.0,-1.0,-1.0,-1.0,13.429929696230598,8.975655,0.854678,1127.365906,17.0194445,21.34731304999996,154.7486759599995,43893.07425316288,43890.0,7593.0,63140.0,60860.0,62420.0,62941.299999999974
1,7,100,100,0,0,2,10,2,2,4,0,True,DistributionScheme.HASH,8g,12g,12g,12g,12g,12g,12g,12g,10,0:00:10,0:00:15,0:00:05,0:00:15,0:00:20,0:00:05,KeyValueStore,-1,write_only,1,0.0,1000,0,UniformReadWriteWorkload,1,1.0,16,0,UniformReadWriteWorkload,1,0.0,16,0,UniformReadWriteWorkload,linearizable,False,True,0:00:00.200000,0,info,"size,1,10s",False,False,info,0:00:01,10,0:00:00,0:01:00,0:02:00,0:04:00,info,1,info,info,5000,False,100,0:00:02,0:00:05,False,info,1,False,info,0:00:01,0:00:01,0:00:01,0:00:01,0:00:01,False,False,1,1,info,-1.0,-1.0,-1.0,-1.0,-1.0,-1.0,-1.0,-1.0,-1.0,-1.0,-1.0,-1.0,-1.0,-1.0,16.17117731928672,11.332028,0.83132,2003.302918,21.232829800000008,31.031341199999986,149.44015091999952,41516.26723670843,42430.0,13520.0,60640.0,59140.0,59750.0,60340.0
1,8,100,100,0,0,2,10,2,2,4,0,True,DistributionScheme.HASH,8g,12g,12g,12g,12g,12g,12g,12g,10,0:00:10,0:00:15,0:00:05,0:00:15,0:00:20,0:00:05,KeyValueStore,-1,write_only,1,0.0,1000,0,UniformReadWriteWorkload,1,1.0,16,0,UniformReadWriteWorkload,1,0.0,16,0,UniformReadWriteWorkload,linearizable,False,True,0:00:00.200000,0,info,"size,1,10s",False,False,info,0:00:01,10,0:00:00,0:01:00,0:02:00,0:04:00,info,1,info,info,5000,False,100,0:00:02,0:00:05,False,info,1,False,info,0:00:01,0:00:01,0:00:01,0:00:01,0:00:01,False,False,1,1,info,-1.0,-1.0,-1.0,-1.0,-1.0,-1.0,-1.0,-1.0,-1.0,-1.0,-1.0,-1.0,-1.0,-1.0,18.478048889332474,13.402964,0.897656,2001.421166,24.9819608,32.443405999999975,178.03697367999987,42244.917324491274,44900.0,9140.0,58060.0,56390.0,57020.0,57790.0
1,9,100,100,0,0,2,10,2,2,4,0,True,DistributionScheme.HASH,8g,12g,12g,12g,12g,12g,12g,12g,10,0:00:10,0:00:15,0:00:05,0:00:15,0:00:20,0:00:05,KeyValueStore,-1,write_only,1,0.0,1000,0,UniformReadWriteWorkload,1,1.0,16,0,UniformReadWriteWorkload,1,0.0,16,0,UniformReadWriteWorkload,linearizable,False,True,0:00:00.200000,0,info,"size,1,10s",False,False,info,0:00:01,10,0:00:00,0:01:00,0:02:00,0:04:00,info,1,info,info,5000,False,100,0:00:02,0:00:05,False,info,1,False,info,0:00:01,0:00:01,0:00:01,0:00:01,0:00:01,False,False,1,1,info,-1.0,-1.0,-1.0,-1.0,-1.0,-1.0,-1.0,-1.0,-1.0,-1.0,-1.0,-1.0,-1.0,-1.0,19.943286122345835,14.6802965,0.929914,1002.119707,25.9001715,35.52730975,180.17095,43683.98047645215,44830.0,11980.0,60690.0,58830.0,59070.0,59620.0
1,10,100,100,0,0,2,10,2,2,4,0,True,DistributionScheme.HASH,8g,12g,12g,12g,12g,12g,12g,12g,10,0:00:10,0:00:15,0:00:05,0:00:15,0:00:20,0:00:05,KeyValueStore,-1,write_only,1,0.0,1000,0,UniformReadWriteWorkload,1,1.0,16,0,UniformReadWriteWorkload,1,0.0,16,0,UniformReadWriteWorkload,linearizable,False,True,0:00:00.200000,0,info,"size,1,10s",False,False,info,0:00:01,10,0:00:00,0:01:00,0:02:00,0:04:00,info,1,info,info,5000,False,100,0:00:02,0:00:05,False,info,1,False,info,0:00:01,0:00:01,0:00:01,0:00:01,0:00:01,False,False,1,1,info,-1.0,-1.0,-1.0,-1.0,-1.0,-1.0,-1.0,-1.0,-1.0,-1.0,-1.0,-1.0,-1.0,-1.0,22.533713347008966,16.728067,0.884606,1001.336477,30.8234796,43.31158259999994,198.3341353199997,42222.83238058012,43160.0,13310.0,57690.0,55540.0,56220.0,57300.0
1,1,1,1,0,0,2,10,2,2,4,0,True,DistributionScheme.HASH,8g,12g,12g,12g,12g,12g,12g,12g,10,0:00:10,0:00:15,0:00:05,0:00:15,0:00:20,0:00:05,KeyValueStore,-1,write_only,1,0.0,100,0,UniformReadWriteWorkload,1,1.0,16,0,UniformReadWriteWorkload,1,0.0,16,0,UniformReadWriteWorkload,linearizable,False,True,0:00:00.200000,0,info,"size,1,10s",False,False,info,0:00:01,1,0:00:00,0:01:00,0:02:00,0:04:00,info,1,info,info,5000,False,100,0:00:02,0:00:05,False,info,1,False,info,0:00:01,0:00:01,0:00:01,0:00:01,0:00:01,False,False,1,1,info,-1.0,-1.0,-1.0,-1.0,-1.0,-1.0,-1.0,-1.0,-1.0,-1.0,-1.0,-1.0,-1.0,-1.0,0.357073062077597,0.33979,0.294804,20.842201,0.398682,0.42114029999999986,0.49242176,2694.739211014032,2770.0,2130.0,2920.0,2900.0,2910.0,2920.0
1,1,50,50,0,0,2,10,2,2,4,0,True,DistributionScheme.HASH,8g,12g,12g,12g,12g,12g,12g,12g,10,0:00:10,0:00:15,0:00:05,0:00:15,0:00:20,0:00:05,KeyValueStore,-1,write_only,1,0.0,100,0,UniformReadWriteWorkload,1,1.0,16,0,UniformReadWriteWorkload,1,0.0,16,0,UniformReadWriteWorkload,linearizable,False,True,0:00:00.200000,0,info,"size,1,10s",False,False,info,0:00:01,10,0:00:00,0:01:00,0:02:00,0:04:00,info,1,info,info,5000,False,100,0:00:02,0:00:05,False,info,1,False,info,0:00:01,0:00:01,0:00:01,0:00:01,0:00:01,False,False,1,1,info,-1.0,-1.0,-1.0,-1.0,-1.0,-1.0,-1.0,-1.0,-1.0,-1.0,-1.0,-1.0,-1.0,-1.0,1.2111909722582572,1.057451,0.800381,1001.729976,1.2825104999999999,1.3527129999999998,1.54392575,41437.07308184598,43230.0,8550.0,46520.0,45870.0,45970.0,46110.0
1,1,100,100,0,0,2,10,2,2,4,0,True,DistributionScheme.HASH,8g,12g,12g,12g,12g,12g,12g,12g,10,0:00:10,0:00:15,0:00:05,0:00:15,0:00:20,0:00:05,KeyValueStore,-1,write_only,1,0.0,100,0,UniformReadWriteWorkload,1,1.0,16,0,UniformReadWriteWorkload,1,0.0,16,0,UniformReadWriteWorkload,linearizable,False,True,0:00:00.200000,0,info,"size,1,10s",False,False,info,0:00:01,10,0:00:00,0:01:00,0:02:00,0:04:00,info,1,info,info,5000,False,100,0:00:02,0:00:05,False,info,1,False,info,0:00:01,0:00:01,0:00:01,0:00:01,0:00:01,False,False,1,1,info,-1.0,-1.0,-1.0,-1.0,-1.0,-1.0,-1.0,-1.0,-1.0,-1.0,-1.0,-1.0,-1.0,-1.0,1.7517095114636372,1.489482,0.832573,1001.901179,1.7867746000000002,2.11507475,2.4626474900000006,46921.1071422991,47610.0,15720.0,55660.0,54690.0,55410.0,55610.0
1,2,100,100,0,0,2,10,2,2,4,0,True,DistributionScheme.HASH,8g,12g,12g,12g,12g,12g,12g,12g,10,0:00:10,0:00:15,0:00:05,0:00:15,0:00:20,0:00:05,KeyValueStore,-1,write_only,1,0.0,100,0,UniformReadWriteWorkload,1,1.0,16,0,UniformReadWriteWorkload,1,0.0,16,0,UniformReadWriteWorkload,linearizable,False,True,0:00:00.200000,0,info,"size,1,10s",False,False,info,0:00:01,10,0:00:00,0:01:00,0:02:00,0:04:00,info,1,info,info,5000,False,100,0:00:02,0:00:05,False,info,1,False,info,0:00:01,0:00:01,0:00:01,0:00:01,0:00:01,False,False,1,1,info,-1.0,-1.0,-1.0,-1.0,-1.0,-1.0,-1.0,-1.0,-1.0,-1.0,-1.0,-1.0,-1.0,-1.0,2.840332144856455,1.732562,0.765246,1001.778733,2.3755636000000004,2.7001395999999995,4.3609224,68010.13239924434,77950.0,2710.0,89920.0,89070.0,89260.0,89740.0
1,3,100,100,0,0,2,10,2,2,4,0,True,DistributionScheme.HASH,8g,12g,12g,12g,12g,12g,12g,12g,10,0:00:10,0:00:15,0:00:05,0:00:15,0:00:20,0:00:05,KeyValueStore,-1,write_only,1,0.0,100,0,UniformReadWriteWorkload,1,1.0,16,0,UniformReadWriteWorkload,1,0.0,16,0,UniformReadWriteWorkload,linearizable,False,True,0:00:00.200000,0,info,"size,1,10s",False,False,info,0:00:01,10,0:00:00,0:01:00,0:02:00,0:04:00,info,1,info,info,5000,False,100,0:00:02,0:00:05,False,info,1,False,info,0:00:01,0:00:01,0:00:01,0:00:01,0:00:01,False,False,1,1,info,-1.0,-1.0,-1.0,-1.0,-1.0,-1.0,-1.0,-1.0,-1.0,-1.0,-1.0,-1.0,-1.0,-1.0,3.506244999452333,2.061192,0.699413,1001.425371,3.4995478,4.1139116,10.09428751999999,98729.68290597553,102580.0,2750.0,131750.0,127310.0,127600.0,130370.0
1,4,100,100,0,0,2,10,2,2,4,0,True,DistributionScheme.HASH,8g,12g,12g,12g,12g,12g,12g,12g,10,0:00:10,0:00:15,0:00:05,0:00:15,0:00:20,0:00:05,KeyValueStore,-1,write_only,1,0.0,100,0,UniformReadWriteWorkload,1,1.0,16,0,UniformReadWriteWorkload,1,0.0,16,0,UniformReadWriteWorkload,linearizable,False,True,0:00:00.200000,0,info,"size,1,10s",False,False,info,0:00:01,10,0:00:00,0:01:00,0:02:00,0:04:00,info,1,info,info,5000,False,100,0:00:02,0:00:05,False,info,1,False,info,0:00:01,0:00:01,0:00:01,0:00:01,0:00:01,False,False,1,1,info,-1.0,-1.0,-1.0,-1.0,-1.0,-1.0,-1.0,-1.0,-1.0,-1.0,-1.0,-1.0,-1.0,-1.0,4.726102579675488,2.7214315,0.649821,801.768896,4.1627778,4.823465799999998,18.472098780000103,105505.00449236298,121250.0,3540.0,142040.0,141230.0,141600.0,141810.0
1,5,100,100,0,0,2,10,2,2,4,0,True,DistributionScheme.HASH,8g,12g,12g,12g,12g,12g,12g,12g,10,0:00:10,0:00:15,0:00:05,0:00:15,0:00:20,0:00:05,KeyValueStore,-1,write_only,1,0.0,100,0,UniformReadWriteWorkload,1,1.0,16,0,UniformReadWriteWorkload,1,0.0,16,0,UniformReadWriteWorkload,linearizable,False,True,0:00:00.200000,0,info,"size,1,10s",False,False,info,0:00:01,10,0:00:00,0:01:00,0:02:00,0:04:00,info,1,info,info,5000,False,100,0:00:02,0:00:05,False,info,1,False,info,0:00:01,0:00:01,0:00:01,0:00:01,0:00:01,False,False,1,1,info,-1.0,-1.0,-1.0,-1.0,-1.0,-1.0,-1.0,-1.0,-1.0,-1.0,-1.0,-1.0,-1.0,-1.0,5.984516220901837,3.472063,0.662805,1002.167847,5.406579799999999,6.430375099999998,45.526962939999635,100679.16460209714,116020.0,4370.0,133350.0,132460.0,132680.0,132950.0
1,6,100,100,0,0,2,10,2,2,4,0,True,DistributionScheme.HASH,8g,12g,12g,12g,12g,12g,12g,12g,10,0:00:10,0:00:15,0:00:05,0:00:15,0:00:20,0:00:05,KeyValueStore,-1,write_only,1,0.0,100,0,UniformReadWriteWorkload,1,1.0,16,0,UniformReadWriteWorkload,1,0.0,16,0,UniformReadWriteWorkload,linearizable,False,True,0:00:00.200000,0,info,"size,1,10s",False,False,info,0:00:01,10,0:00:00,0:01:00,0:02:00,0:04:00,info,1,info,info,5000,False,100,0:00:02,0:00:05,False,info,1,False,info,0:00:01,0:00:01,0:00:01,0:00:01,0:00:01,False,False,1,1,info,-1.0,-1.0,-1.0,-1.0,-1.0,-1.0,-1.0,-1.0,-1.0,-1.0,-1.0,-1.0,-1.0,-1.0,6.333249637657763,4.284161,0.682041,1001.671943,6.071089,7.112301,23.164835799999942,106194.1849048807,121330.0,6040.0,137810.0,135550.0,136110.0,137040.0
1,7,100,100,0,0,2,10,2,2,4,0,True,DistributionScheme.HASH,8g,12g,12g,12g,12g,12g,12g,12g,10,0:00:10,0:00:15,0:00:05,0:00:15,0:00:20,0:00:05,KeyValueStore,-1,write_only,1,0.0,100,0,UniformReadWriteWorkload,1,1.0,16,0,UniformReadWriteWorkload,1,0.0,16,0,UniformReadWriteWorkload,linearizable,False,True,0:00:00.200000,0,info,"size,1,10s",False,False,info,0:00:01,10,0:00:00,0:01:00,0:02:00,0:04:00,info,1,info,info,5000,False,100,0:00:02,0:00:05,False,info,1,False,info,0:00:01,0:00:01,0:00:01,0:00:01,0:00:01,False,False,1,1,info,-1.0,-1.0,-1.0,-1.0,-1.0,-1.0,-1.0,-1.0,-1.0,-1.0,-1.0,-1.0,-1.0,-1.0,8.24077867605177,5.19721,0.669277,1002.775243,9.644041999999999,11.774228749999999,111.38385944999999,96159.64015361639,110130.0,9470.0,140780.0,133130.0,138030.0,140430.0
1,8,100,100,0,0,2,10,2,2,4,0,True,DistributionScheme.HASH,8g,12g,12g,12g,12g,12g,12g,12g,10,0:00:10,0:00:15,0:00:05,0:00:15,0:00:20,0:00:05,KeyValueStore,-1,write_only,1,0.0,100,0,UniformReadWriteWorkload,1,1.0,16,0,UniformReadWriteWorkload,1,0.0,16,0,UniformReadWriteWorkload,linearizable,False,True,0:00:00.200000,0,info,"size,1,10s",False,False,info,0:00:01,10,0:00:00,0:01:00,0:02:00,0:04:00,info,1,info,info,5000,False,100,0:00:02,0:00:05,False,info,1,False,info,0:00:01,0:00:01,0:00:01,0:00:01,0:00:01,False,False,1,1,info,-1.0,-1.0,-1.0,-1.0,-1.0,-1.0,-1.0,-1.0,-1.0,-1.0,-1.0,-1.0,-1.0,-1.0,7.402383569819692,5.591602,0.725858,1001.385779,9.886142399999999,11.784041199999999,24.0792638399999,106177.39252714597,121410.0,15520.0,139940.0,137310.0,138440.0,139500.0
1,9,100,100,0,0,2,10,2,2,4,0,True,DistributionScheme.HASH,8g,12g,12g,12g,12g,12g,12g,12g,10,0:00:10,0:00:15,0:00:05,0:00:15,0:00:20,0:00:05,KeyValueStore,-1,write_only,1,0.0,100,0,UniformReadWriteWorkload,1,1.0,16,0,UniformReadWriteWorkload,1,0.0,16,0,UniformReadWriteWorkload,linearizable,False,True,0:00:00.200000,0,info,"size,1,10s",False,False,info,0:00:01,10,0:00:00,0:01:00,0:02:00,0:04:00,info,1,info,info,5000,False,100,0:00:02,0:00:05,False,info,1,False,info,0:00:01,0:00:01,0:00:01,0:00:01,0:00:01,False,False,1,1,info,-1.0,-1.0,-1.0,-1.0,-1.0,-1.0,-1.0,-1.0,-1.0,-1.0,-1.0,-1.0,-1.0,-1.0,9.399131459155841,6.564026999999999,0.705564,1001.753308,10.947237900000001,12.802904349999995,110.92101277999998,106772.2971529169,118450.0,4570.0,140690.0,136210.0,139300.0,140350.0
1,10,100,100,0,0,2,10,2,2,4,0,True,DistributionScheme.HASH,8g,12g,12g,12g,12g,12g,12g,12g,10,0:00:10,0:00:15,0:00:05,0:00:15,0:00:20,0:00:05,KeyValueStore,-1,write_only,1,0.0,100,0,UniformReadWriteWorkload,1,1.0,16,0,UniformReadWriteWorkload,1,0.0,16,0,UniformReadWriteWorkload,linearizable,False,True,0:00:00.200000,0,info,"size,1,10s",False,False,info,0:00:01,10,0:00:00,0:01:00,0:02:00,0:04:00,info,1,info,info,5000,False,100,0:00:02,0:00:05,False,info,1,False,info,0:00:01,0:00:01,0:00:01,0:00:01,0:00:01,False,False,1,1,info,-1.0,-1.0,-1.0,-1.0,-1.0,-1.0,-1.0,-1.0,-1.0,-1.0,-1.0,-1.0,-1.0,-1.0,12.144105160821626,7.5742045000000005,0.687472,691.935197,13.020467700000001,16.04296909999999,219.52516058,93543.6423911702,110400.0,5990.0,123190.0,120060.0,121440.0,122830.0
1,1,1,1,0,0,2,10,2,2,4,0,True,DistributionScheme.HASH,8g,12g,12g,12g,12g,12g,12g,12g,10,0:00:10,0:00:15,0:00:05,0:00:15,0:00:20,0:00:05,KeyValueStore,-1,write_only,1,0.0,1000,0,UniformReadWriteWorkload,1,1.0,16,0,UniformReadWriteWorkload,1,0.0,16,0,UniformReadWriteWorkload,linearizable,False,True,0:00:00.200000,0,info,"size,1,10s",False,False,info,0:00:01,1,0:00:00,0:01:00,0:02:00,0:04:00,info,1,info,info,5000,False,100,0:00:02,0:00:05,False,info,1,False,info,0:00:01,0:00:01,0:00:01,0:00:01,0:00:01,False,False,1,1,info,-1.0,-1.0,-1.0,-1.0,-1.0,-1.0,-1.0,-1.0,-1.0,-1.0,-1.0,-1.0,-1.0,-1.0,0.4431879276248726,0.419031,0.351743,21.189069,0.5126862,0.5475231,0.6199788399999999,2004.0507324044302,2110.0,1440.0,2300.0,2260.0,2290.0,2290.0
1,1,50,50,0,0,2,10,2,2,4,0,True,DistributionScheme.HASH,8g,12g,12g,12g,12g,12g,12g,12g,10,0:00:10,0:00:15,0:00:05,0:00:15,0:00:20,0:00:05,KeyValueStore,-1,write_only,1,0.0,1000,0,UniformReadWriteWorkload,1,1.0,16,0,UniformReadWriteWorkload,1,0.0,16,0,UniformReadWriteWorkload,linearizable,False,True,0:00:00.200000,0,info,"size,1,10s",False,False,info,0:00:01,10,0:00:00,0:01:00,0:02:00,0:04:00,info,1,info,info,5000,False,100,0:00:02,0:00:05,False,info,1,False,info,0:00:01,0:00:01,0:00:01,0:00:01,0:00:01,False,False,1,1,info,-1.0,-1.0,-1.0,-1.0,-1.0,-1.0,-1.0,-1.0,-1.0,-1.0,-1.0,-1.0,-1.0,-1.0,2.975209585702224,2.5191725,1.378353,344.185021,2.7170712999999997,2.82350285,3.926254629999982,15000.34395283159,16220.0,640.0,16600.0,16430.0,16500.0,16580.0
1,1,100,100,0,0,2,10,2,2,4,0,True,DistributionScheme.HASH,8g,12g,12g,12g,12g,12g,12g,12g,10,0:00:10,0:00:15,0:00:05,0:00:15,0:00:20,0:00:05,KeyValueStore,-1,write_only,1,0.0,1000,0,UniformReadWriteWorkload,1,1.0,16,0,UniformReadWriteWorkload,1,0.0,16,0,UniformReadWriteWorkload,linearizable,False,True,0:00:00.200000,0,info,"size,1,10s",False,False,info,0:00:01,10,0:00:00,0:01:00,0:02:00,0:04:00,info,1,info,info,5000,False,100,0:00:02,0:00:05,False,info,1,False,info,0:00:01,0:00:01,0:00:01,0:00:01,0:00:01,False,False,1,1,info,-1.0,-1.0,-1.0,-1.0,-1.0,-1.0,-1.0,-1.0,-1.0,-1.0,-1.0,-1.0,-1.0,-1.0,4.676235288468404,4.019465,1.341784,778.976802,4.6177814,4.808309949999998,6.890355660000002,15522.92818938654,16460.0,780.0,17020.0,16910.0,16940.0,16980.0
1,2,100,100,0,0,2,10,2,2,4,0,True,DistributionScheme.HASH,8g,12g,12g,12g,12g,12g,12g,12g,10,0:00:10,0:00:15,0:00:05,0:00:15,0:00:20,0:00:05,KeyValueStore,-1,write_only,1,0.0,1000,0,UniformReadWriteWorkload,1,1.0,16,0,UniformReadWriteWorkload,1,0.0,16,0,UniformReadWriteWorkload,linearizable,False,True,0:00:00.200000,0,info,"size,1,10s",False,False,info,0:00:01,10,0:00:00,0:01:00,0:02:00,0:04:00,info,1,info,info,5000,False,100,0:00:02,0:00:05,False,info,1,False,info,0:00:01,0:00:01,0:00:01,0:00:01,0:00:01,False,False,1,1,info,136.659424,136.659424,136.659424,136.659424,136.659424,136.659424,136.659424,nan,nan,nan,nan,nan,nan,nan,6.263458576058026,4.456071,1.150934,1001.82785,6.539132,7.378191,18.532105199999975,23691.55396287522,25740.0,2620.0,30800.0,29870.0,30480.0,30710.0
1,3,100,100,0,0,2,10,2,2,4,0,True,DistributionScheme.HASH,8g,12g,12g,12g,12g,12g,12g,12g,10,0:00:10,0:00:15,0:00:05,0:00:15,0:00:20,0:00:05,KeyValueStore,-1,write_only,1,0.0,1000,0,UniformReadWriteWorkload,1,1.0,16,0,UniformReadWriteWorkload,1,0.0,16,0,UniformReadWriteWorkload,linearizable,False,True,0:00:00.200000,0,info,"size,1,10s",False,False,info,0:00:01,10,0:00:00,0:01:00,0:02:00,0:04:00,info,1,info,info,5000,False,100,0:00:02,0:00:05,False,info,1,False,info,0:00:01,0:00:01,0:00:01,0:00:01,0:00:01,False,False,1,1,info,-1.0,-1.0,-1.0,-1.0,-1.0,-1.0,-1.0,-1.0,-1.0,-1.0,-1.0,-1.0,-1.0,-1.0,7.330952183997817,4.368973,1.000717,1001.636876,6.380511,8.538099,112.46374059999957,34254.19530252744,38675.0,3230.0,47670.0,47250.0,47450.0,47600.0
1,4,100,100,0,0,2,10,2,2,4,0,True,DistributionScheme.HASH,8g,12g,12g,12g,12g,12g,12g,12g,10,0:00:10,0:00:15,0:00:05,0:00:15,0:00:20,0:00:05,KeyValueStore,-1,write_only,1,0.0,1000,0,UniformReadWriteWorkload,1,1.0,16,0,UniformReadWriteWorkload,1,0.0,16,0,UniformReadWriteWorkload,linearizable,False,True,0:00:00.200000,0,info,"size,1,10s",False,False,info,0:00:01,10,0:00:00,0:01:00,0:02:00,0:04:00,info,1,info,info,5000,False,100,0:00:02,0:00:05,False,info,1,False,info,0:00:01,0:00:01,0:00:01,0:00:01,0:00:01,False,False,1,1,info,-1.0,-1.0,-1.0,-1.0,-1.0,-1.0,-1.0,-1.0,-1.0,-1.0,-1.0,-1.0,-1.0,-1.0,8.413278806329622,5.822814,0.915063,778.864929,10.4648148,13.031722399999998,64.11500595999958,43081.23007617331,43350.0,13590.0,60130.0,59010.0,59610.0,59995.59999999998
1,5,100,100,0,0,2,10,2,2,4,0,True,DistributionScheme.HASH,8g,12g,12g,12g,12g,12g,12g,12g,10,0:00:10,0:00:15,0:00:05,0:00:15,0:00:20,0:00:05,KeyValueStore,-1,write_only,1,0.0,1000,0,UniformReadWriteWorkload,1,1.0,16,0,UniformReadWriteWorkload,1,0.0,16,0,UniformReadWriteWorkload,linearizable,False,True,0:00:00.200000,0,info,"size,1,10s",False,False,info,0:00:01,10,0:00:00,0:01:00,0:02:00,0:04:00,info,1,info,info,5000,False,100,0:00:02,0:00:05,False,info,1,False,info,0:00:01,0:00:01,0:00:01,0:00:01,0:00:01,False,False,1,1,info,-1.0,-1.0,-1.0,-1.0,-1.0,-1.0,-1.0,-1.0,-1.0,-1.0,-1.0,-1.0,-1.0,-1.0,11.502341308699178,7.193572,0.880248,1001.40708,14.709157,18.893706,139.61395939999989,41173.271777546775,41655.0,7650.0,60130.0,59400.0,59690.0,59950.0
1,6,100,100,0,0,2,10,2,2,4,0,True,DistributionScheme.HASH,8g,12g,12g,12g,12g,12g,12g,12g,10,0:00:10,0:00:15,0:00:05,0:00:15,0:00:20,0:00:05,KeyValueStore,-1,write_only,1,0.0,1000,0,UniformReadWriteWorkload,1,1.0,16,0,UniformReadWriteWorkload,1,0.0,16,0,UniformReadWriteWorkload,linearizable,False,True,0:00:00.200000,0,info,"size,1,10s",False,False,info,0:00:01,10,0:00:00,0:01:00,0:02:00,0:04:00,info,1,info,info,5000,False,100,0:00:02,0:00:05,False,info,1,False,info,0:00:01,0:00:01,0:00:01,0:00:01,0:00:01,False,False,1,1,info,-1.0,-1.0,-1.0,-1.0,-1.0,-1.0,-1.0,-1.0,-1.0,-1.0,-1.0,-1.0,-1.0,-1.0,14.543140071170127,9.376883,0.84859,1001.715393,20.771061,26.607261,157.30087420000075,40317.64403317986,43630.0,11130.0,60200.0,53390.0,53860.0,59078.399999999965
1,7,100,100,0,0,2,10,2,2,4,0,True,DistributionScheme.HASH,8g,12g,12g,12g,12g,12g,12g,12g,10,0:00:10,0:00:15,0:00:05,0:00:15,0:00:20,0:00:05,KeyValueStore,-1,write_only,1,0.0,1000,0,UniformReadWriteWorkload,1,1.0,16,0,UniformReadWriteWorkload,1,0.0,16,0,UniformReadWriteWorkload,linearizable,False,True,0:00:00.200000,0,info,"size,1,10s",False,False,info,0:00:01,10,0:00:00,0:01:00,0:02:00,0:04:00,info,1,info,info,5000,False,100,0:00:02,0:00:05,False,info,1,False,info,0:00:01,0:00:01,0:00:01,0:00:01,0:00:01,False,False,1,1,info,-1.0,-1.0,-1.0,-1.0,-1.0,-1.0,-1.0,-1.0,-1.0,-1.0,-1.0,-1.0,-1.0,-1.0,16.41011226013195,11.812091,0.850233,1001.888988,20.607240800000003,25.386032299999982,177.69890573999953,42090.1068881589,44490.0,9737.0,56910.0,56130.0,56260.0,56680.0
1,8,100,100,0,0,2,10,2,2,4,0,True,DistributionScheme.HASH,8g,12g,12g,12g,12g,12g,12g,12g,10,0:00:10,0:00:15,0:00:05,0:00:15,0:00:20,0:00:05,KeyValueStore,-1,write_only,1,0.0,1000,0,UniformReadWriteWorkload,1,1.0,16,0,UniformReadWriteWorkload,1,0.0,16,0,UniformReadWriteWorkload,linearizable,False,True,0:00:00.200000,0,info,"size,1,10s",False,False,info,0:00:01,10,0:00:00,0:01:00,0:02:00,0:04:00,info,1,info,info,5000,False,100,0:00:02,0:00:05,False,info,1,False,info,0:00:01,0:00:01,0:00:01,0:00:01,0:00:01,False,False,1,1,info,-1.0,-1.0,-1.0,-1.0,-1.0,-1.0,-1.0,-1.0,-1.0,-1.0,-1.0,-1.0,-1.0,-1.0,18.326739624996108,13.726551,0.931892,891.135608,22.317624600000013,29.754322849999994,175.83732560999994,42498.6843116614,44840.0,3180.0,58560.0,57170.0,57670.0,58350.0
1,9,100,100,0,0,2,10,2,2,4,0,True,DistributionScheme.HASH,8g,12g,12g,12g,12g,12g,12g,12g,10,0:00:10,0:00:15,0:00:05,0:00:15,0:00:20,0:00:05,KeyValueStore,-1,write_only,1,0.0,1000,0,UniformReadWriteWorkload,1,1.0,16,0,UniformReadWriteWorkload,1,0.0,16,0,UniformReadWriteWorkload,linearizable,False,True,0:00:00.200000,0,info,"size,1,10s",False,False,info,0:00:01,10,0:00:00,0:01:00,0:02:00,0:04:00,info,1,info,info,5000,False,100,0:00:02,0:00:05,False,info,1,False,info,0:00:01,0:00:01,0:00:01,0:00:01,0:00:01,False,False,1,1,info,-1.0,-1.0,-1.0,-1.0,-1.0,-1.0,-1.0,-1.0,-1.0,-1.0,-1.0,-1.0,-1.0,-1.0,20.10572712162101,15.065136,0.860043,1002.506603,26.7784534,36.92731949999999,180.80735835999997,42916.22426860077,44000.0,7790.0,59770.0,56950.0,57850.0,59400.0
1,10,100,100,0,0,2,10,2,2,4,0,True,DistributionScheme.HASH,8g,12g,12g,12g,12g,12g,12g,12g,10,0:00:10,0:00:15,0:00:05,0:00:15,0:00:20,0:00:05,KeyValueStore,-1,write_only,1,0.0,1000,0,UniformReadWriteWorkload,1,1.0,16,0,UniformReadWriteWorkload,1,0.0,16,0,UniformReadWriteWorkload,linearizable,False,True,0:00:00.200000,0,info,"size,1,10s",False,False,info,0:00:01,10,0:00:00,0:01:00,0:02:00,0:04:00,info,1,info,info,5000,False,100,0:00:02,0:00:05,False,info,1,False,info,0:00:01,0:00:01,0:00:01,0:00:01,0:00:01,False,False,1,1,info,-1.0,-1.0,-1.0,-1.0,-1.0,-1.0,-1.0,-1.0,-1.0,-1.0,-1.0,-1.0,-1.0,-1.0,22.33072934175148,16.424014,0.867177,1001.618526,34.4399944,47.061593399999964,184.15688053999818,42422.41225396414,44790.0,5650.0,59160.0,55210.0,57020.0,58710.0
1,1,1,1,0,0,2,10,2,2,4,0,True,DistributionScheme.HASH,8g,12g,12g,12g,12g,12g,12g,12g,10,0:00:10,0:00:15,0:00:05,0:00:15,0:00:20,0:00:05,KeyValueStore,-1,write_only,1,0.0,100,0,UniformReadWriteWorkload,1,1.0,16,0,UniformReadWriteWorkload,1,0.0,16,0,UniformReadWriteWorkload,linearizable,False,True,0:00:00.200000,0,info,"size,1,10s",False,False,info,0:00:01,1,0:00:00,0:01:00,0:02:00,0:04:00,info,1,info,info,5000,False,100,0:00:02,0:00:05,False,info,1,False,info,0:00:01,0:00:01,0:00:01,0:00:01,0:00:01,False,False,1,1,info,-1.0,-1.0,-1.0,-1.0,-1.0,-1.0,-1.0,-1.0,-1.0,-1.0,-1.0,-1.0,-1.0,-1.0,0.35762611217063994,0.346032,0.298102,1.449387,0.40454039999999997,0.43111859999999996,0.4985883999999998,2686.190413135593,2740.0,2090.0,2910.0,2850.0,2890.0,2900.0
1,1,50,50,0,0,2,10,2,2,4,0,True,DistributionScheme.HASH,8g,12g,12g,12g,12g,12g,12g,12g,10,0:00:10,0:00:15,0:00:05,0:00:15,0:00:20,0:00:05,KeyValueStore,-1,write_only,1,0.0,100,0,UniformReadWriteWorkload,1,1.0,16,0,UniformReadWriteWorkload,1,0.0,16,0,UniformReadWriteWorkload,linearizable,False,True,0:00:00.200000,0,info,"size,1,10s",False,False,info,0:00:01,10,0:00:00,0:01:00,0:02:00,0:04:00,info,1,info,info,5000,False,100,0:00:02,0:00:05,False,info,1,False,info,0:00:01,0:00:01,0:00:01,0:00:01,0:00:01,False,False,1,1,info,-1.0,-1.0,-1.0,-1.0,-1.0,-1.0,-1.0,-1.0,-1.0,-1.0,-1.0,-1.0,-1.0,-1.0,1.2888427378869152,1.131718,0.858623,1001.954548,1.3457996000000003,1.5503851999999998,1.809092919999999,38650.7039946864,41280.0,15280.0,44430.0,42950.0,43442.999999999956,44340.0
1,1,100,100,0,0,2,10,2,2,4,0,True,DistributionScheme.HASH,8g,12g,12g,12g,12g,12g,12g,12g,10,0:00:10,0:00:15,0:00:05,0:00:15,0:00:20,0:00:05,KeyValueStore,-1,write_only,1,0.0,100,0,UniformReadWriteWorkload,1,1.0,16,0,UniformReadWriteWorkload,1,0.0,16,0,UniformReadWriteWorkload,linearizable,False,True,0:00:00.200000,0,info,"size,1,10s",False,False,info,0:00:01,10,0:00:00,0:01:00,0:02:00,0:04:00,info,1,info,info,5000,False,100,0:00:02,0:00:05,False,info,1,False,info,0:00:01,0:00:01,0:00:01,0:00:01,0:00:01,False,False,1,1,info,-1.0,-1.0,-1.0,-1.0,-1.0,-1.0,-1.0,-1.0,-1.0,-1.0,-1.0,-1.0,-1.0,-1.0,1.7322343200201402,1.480182,0.834073,286.030371,1.7512059999999998,2.0508840999999998,2.4360546200000015,46913.46828682489,50240.0,13910.0,54020.0,53860.0,53900.0,53960.0
1,2,100,100,0,0,2,10,2,2,4,0,True,DistributionScheme.HASH,8g,12g,12g,12g,12g,12g,12g,12g,10,0:00:10,0:00:15,0:00:05,0:00:15,0:00:20,0:00:05,KeyValueStore,-1,write_only,1,0.0,100,0,UniformReadWriteWorkload,1,1.0,16,0,UniformReadWriteWorkload,1,0.0,16,0,UniformReadWriteWorkload,linearizable,False,True,0:00:00.200000,0,info,"size,1,10s",False,False,info,0:00:01,10,0:00:00,0:01:00,0:02:00,0:04:00,info,1,info,info,5000,False,100,0:00:02,0:00:05,False,info,1,False,info,0:00:01,0:00:01,0:00:01,0:00:01,0:00:01,False,False,1,1,info,-1.0,-1.0,-1.0,-1.0,-1.0,-1.0,-1.0,-1.0,-1.0,-1.0,-1.0,-1.0,-1.0,-1.0,3.0129571932471535,1.849377,0.781876,901.848237,2.5313192,2.8283286,10.928470800000067,61163.701007168595,70490.0,7860.0,86250.0,84210.0,85170.0,86070.0
1,3,100,100,0,0,2,10,2,2,4,0,True,DistributionScheme.HASH,8g,12g,12g,12g,12g,12g,12g,12g,10,0:00:10,0:00:15,0:00:05,0:00:15,0:00:20,0:00:05,KeyValueStore,-1,write_only,1,0.0,100,0,UniformReadWriteWorkload,1,1.0,16,0,UniformReadWriteWorkload,1,0.0,16,0,UniformReadWriteWorkload,linearizable,False,True,0:00:00.200000,0,info,"size,1,10s",False,False,info,0:00:01,10,0:00:00,0:01:00,0:02:00,0:04:00,info,1,info,info,5000,False,100,0:00:02,0:00:05,False,info,1,False,info,0:00:01,0:00:01,0:00:01,0:00:01,0:00:01,False,False,1,1,info,124.766837,124.766837,124.766837,124.766837,124.766837,124.766837,124.766837,nan,nan,nan,nan,nan,nan,nan,3.2858021313805037,2.114437,0.657501,1001.497505,3.2306428,3.8216468,8.064885479999935,95829.37563613491,102800.0,1370.0,127050.0,126390.0,126520.0,126700.0
1,4,100,100,0,0,2,10,2,2,4,0,True,DistributionScheme.HASH,8g,12g,12g,12g,12g,12g,12g,12g,10,0:00:10,0:00:15,0:00:05,0:00:15,0:00:20,0:00:05,KeyValueStore,-1,write_only,1,0.0,100,0,UniformReadWriteWorkload,1,1.0,16,0,UniformReadWriteWorkload,1,0.0,16,0,UniformReadWriteWorkload,linearizable,False,True,0:00:00.200000,0,info,"size,1,10s",False,False,info,0:00:01,10,0:00:00,0:01:00,0:02:00,0:04:00,info,1,info,info,5000,False,100,0:00:02,0:00:05,False,info,1,False,info,0:00:01,0:00:01,0:00:01,0:00:01,0:00:01,False,False,1,1,info,-1.0,-1.0,-1.0,-1.0,-1.0,-1.0,-1.0,-1.0,-1.0,-1.0,-1.0,-1.0,-1.0,-1.0,4.513438241660044,2.758522,0.645344,1000.968563,4.7057892,5.866438199999999,14.988672979999974,102546.08821433544,106410.0,14370.0,139330.0,138430.0,138730.0,139110.0
1,5,100,100,0,0,2,10,2,2,4,0,True,DistributionScheme.HASH,8g,12g,12g,12g,12g,12g,12g,12g,10,0:00:10,0:00:15,0:00:05,0:00:15,0:00:20,0:00:05,KeyValueStore,-1,write_only,1,0.0,100,0,UniformReadWriteWorkload,1,1.0,16,0,UniformReadWriteWorkload,1,0.0,16,0,UniformReadWriteWorkload,linearizable,False,True,0:00:00.200000,0,info,"size,1,10s",False,False,info,0:00:01,10,0:00:00,0:01:00,0:02:00,0:04:00,info,1,info,info,5000,False,100,0:00:02,0:00:05,False,info,1,False,info,0:00:01,0:00:01,0:00:01,0:00:01,0:00:01,False,False,1,1,info,-1.0,-1.0,-1.0,-1.0,-1.0,-1.0,-1.0,-1.0,-1.0,-1.0,-1.0,-1.0,-1.0,-1.0,5.7439098716791985,3.385022,0.688824,890.657817,5.897094000000001,7.1142694999999945,22.86955789999986,104483.66893641908,112530.0,2250.0,145260.0,140551.00000000006,143970.0,144660.0
1,6,100,100,0,0,2,10,2,2,4,0,True,DistributionScheme.HASH,8g,12g,12g,12g,12g,12g,12g,12g,10,0:00:10,0:00:15,0:00:05,0:00:15,0:00:20,0:00:05,KeyValueStore,-1,write_only,1,0.0,100,0,UniformReadWriteWorkload,1,1.0,16,0,UniformReadWriteWorkload,1,0.0,16,0,UniformReadWriteWorkload,linearizable,False,True,0:00:00.200000,0,info,"size,1,10s",False,False,info,0:00:01,10,0:00:00,0:01:00,0:02:00,0:04:00,info,1,info,info,5000,False,100,0:00:02,0:00:05,False,info,1,False,info,0:00:01,0:00:01,0:00:01,0:00:01,0:00:01,False,False,1,1,info,-1.0,-1.0,-1.0,-1.0,-1.0,-1.0,-1.0,-1.0,-1.0,-1.0,-1.0,-1.0,-1.0,-1.0,6.685968383024479,4.311393,0.676031,1001.257577,7.2097285000000015,8.71819105,23.703403670000007,102079.9804057709,116390.0,5020.0,131460.0,130660.0,130900.0,131150.0
1,7,100,100,0,0,2,10,2,2,4,0,True,DistributionScheme.HASH,8g,12g,12g,12g,12g,12g,12g,12g,10,0:00:10,0:00:15,0:00:05,0:00:15,0:00:20,0:00:05,KeyValueStore,-1,write_only,1,0.0,100,0,UniformReadWriteWorkload,1,1.0,16,0,UniformReadWriteWorkload,1,0.0,16,0,UniformReadWriteWorkload,linearizable,False,True,0:00:00.200000,0,info,"size,1,10s",False,False,info,0:00:01,10,0:00:00,0:01:00,0:02:00,0:04:00,info,1,info,info,5000,False,100,0:00:02,0:00:05,False,info,1,False,info,0:00:01,0:00:01,0:00:01,0:00:01,0:00:01,False,False,1,1,info,-1.0,-1.0,-1.0,-1.0,-1.0,-1.0,-1.0,-1.0,-1.0,-1.0,-1.0,-1.0,-1.0,-1.0,8.025968560820896,4.963203,0.704673,538.332256,9.0006094,10.847821199999998,112.64186199999999,102691.58678736968,116830.0,3310.0,132680.0,131440.0,131930.0,132350.0
1,8,100,100,0,0,2,10,2,2,4,0,True,DistributionScheme.HASH,8g,12g,12g,12g,12g,12g,12g,12g,10,0:00:10,0:00:15,0:00:05,0:00:15,0:00:20,0:00:05,KeyValueStore,-1,write_only,1,0.0,100,0,UniformReadWriteWorkload,1,1.0,16,0,UniformReadWriteWorkload,1,0.0,16,0,UniformReadWriteWorkload,linearizable,False,True,0:00:00.200000,0,info,"size,1,10s",False,False,info,0:00:01,10,0:00:00,0:01:00,0:02:00,0:04:00,info,1,info,info,5000,False,100,0:00:02,0:00:05,False,info,1,False,info,0:00:01,0:00:01,0:00:01,0:00:01,0:00:01,False,False,1,1,info,-1.0,-1.0,-1.0,-1.0,-1.0,-1.0,-1.0,-1.0,-1.0,-1.0,-1.0,-1.0,-1.0,-1.0,8.12435862538159,5.4256915,0.700227,1001.990483,9.398439,11.049032800000003,111.24815494000146,98731.92498379303,116220.0,3290.0,134790.0,131280.0,133260.0,134140.0
1,9,100,100,0,0,2,10,2,2,4,0,True,DistributionScheme.HASH,8g,12g,12g,12g,12g,12g,12g,12g,10,0:00:10,0:00:15,0:00:05,0:00:15,0:00:20,0:00:05,KeyValueStore,-1,write_only,1,0.0,100,0,UniformReadWriteWorkload,1,1.0,16,0,UniformReadWriteWorkload,1,0.0,16,0,UniformReadWriteWorkload,linearizable,False,True,0:00:00.200000,0,info,"size,1,10s",False,False,info,0:00:01,10,0:00:00,0:01:00,0:02:00,0:04:00,info,1,info,info,5000,False,100,0:00:02,0:00:05,False,info,1,False,info,0:00:01,0:00:01,0:00:01,0:00:01,0:00:01,False,False,1,1,info,-1.0,-1.0,-1.0,-1.0,-1.0,-1.0,-1.0,-1.0,-1.0,-1.0,-1.0,-1.0,-1.0,-1.0,9.745216768344442,6.352245,0.673651,1335.364835,11.4532925,13.71224775,136.79989,101660.12279805372,120400.0,7660.0,129582.0,125420.0,126050.0,126612.84
1,10,100,100,0,0,2,10,2,2,4,0,True,DistributionScheme.HASH,8g,12g,12g,12g,12g,12g,12g,12g,10,0:00:10,0:00:15,0:00:05,0:00:15,0:00:20,0:00:05,KeyValueStore,-1,write_only,1,0.0,100,0,UniformReadWriteWorkload,1,1.0,16,0,UniformReadWriteWorkload,1,0.0,16,0,UniformReadWriteWorkload,linearizable,False,True,0:00:00.200000,0,info,"size,1,10s",False,False,info,0:00:01,10,0:00:00,0:01:00,0:02:00,0:04:00,info,1,info,info,5000,False,100,0:00:02,0:00:05,False,info,1,False,info,0:00:01,0:00:01,0:00:01,0:00:01,0:00:01,False,False,1,1,info,-1.0,-1.0,-1.0,-1.0,-1.0,-1.0,-1.0,-1.0,-1.0,-1.0,-1.0,-1.0,-1.0,-1.0,11.188891055983541,7.4283280000000005,0.699287,536.809461,11.4249301,13.610290449999997,219.52051695999995,103325.86282393185,119560.0,5720.0,132190.0,131420.0,131670.0,131850.0
1,1,1,1,0,0,2,10,2,2,4,0,True,DistributionScheme.HASH,8g,12g,12g,12g,12g,12g,12g,12g,10,0:00:10,0:00:15,0:00:05,0:00:15,0:00:20,0:00:05,KeyValueStore,-1,write_only,1,0.0,1000,0,UniformReadWriteWorkload,1,1.0,16,0,UniformReadWriteWorkload,1,0.0,16,0,UniformReadWriteWorkload,linearizable,False,True,0:00:00.200000,0,info,"size,1,10s",False,False,info,0:00:01,1,0:00:00,0:01:00,0:02:00,0:04:00,info,1,info,info,5000,False,100,0:00:02,0:00:05,False,info,1,False,info,0:00:01,0:00:01,0:00:01,0:00:01,0:00:01,False,False,1,1,info,-1.0,-1.0,-1.0,-1.0,-1.0,-1.0,-1.0,-1.0,-1.0,-1.0,-1.0,-1.0,-1.0,-1.0,0.43752045344537815,0.411684,0.351253,21.195947,0.5097486,0.5464189999999999,0.6184794399999998,2026.202048746026,2160.0,1440.0,2340.0,2290.0,2300.0,2330.0
1,1,50,50,0,0,2,10,2,2,4,0,True,DistributionScheme.HASH,8g,12g,12g,12g,12g,12g,12g,12g,10,0:00:10,0:00:15,0:00:05,0:00:15,0:00:20,0:00:05,KeyValueStore,-1,write_only,1,0.0,1000,0,UniformReadWriteWorkload,1,1.0,16,0,UniformReadWriteWorkload,1,0.0,16,0,UniformReadWriteWorkload,linearizable,False,True,0:00:00.200000,0,info,"size,1,10s",False,False,info,0:00:01,10,0:00:00,0:01:00,0:02:00,0:04:00,info,1,info,info,5000,False,100,0:00:02,0:00:05,False,info,1,False,info,0:00:01,0:00:01,0:00:01,0:00:01,0:00:01,False,False,1,1,info,-1.0,-1.0,-1.0,-1.0,-1.0,-1.0,-1.0,-1.0,-1.0,-1.0,-1.0,-1.0,-1.0,-1.0,2.8778599310092745,2.497669,1.281456,338.112163,2.7036458000000003,2.8461183,3.966736459999999,15196.322033076289,16370.0,550.0,16680.0,16550.0,16580.0,16650.0
1,1,100,100,0,0,2,10,2,2,4,0,True,DistributionScheme.HASH,8g,12g,12g,12g,12g,12g,12g,12g,10,0:00:10,0:00:15,0:00:05,0:00:15,0:00:20,0:00:05,KeyValueStore,-1,write_only,1,0.0,1000,0,UniformReadWriteWorkload,1,1.0,16,0,UniformReadWriteWorkload,1,0.0,16,0,UniformReadWriteWorkload,linearizable,False,True,0:00:00.200000,0,info,"size,1,10s",False,False,info,0:00:01,10,0:00:00,0:01:00,0:02:00,0:04:00,info,1,info,info,5000,False,100,0:00:02,0:00:05,False,info,1,False,info,0:00:01,0:00:01,0:00:01,0:00:01,0:00:01,False,False,1,1,info,-1.0,-1.0,-1.0,-1.0,-1.0,-1.0,-1.0,-1.0,-1.0,-1.0,-1.0,-1.0,-1.0,-1.0,4.839761184448214,4.000224,1.314049,1001.499508,4.685657,5.028792,8.328465700000004,15251.815370644745,16330.0,2520.0,17030.0,16810.0,16890.0,16970.0
1,2,100,100,0,0,2,10,2,2,4,0,True,DistributionScheme.HASH,8g,12g,12g,12g,12g,12g,12g,12g,10,0:00:10,0:00:15,0:00:05,0:00:15,0:00:20,0:00:05,KeyValueStore,-1,write_only,1,0.0,1000,0,UniformReadWriteWorkload,1,1.0,16,0,UniformReadWriteWorkload,1,0.0,16,0,UniformReadWriteWorkload,linearizable,False,True,0:00:00.200000,0,info,"size,1,10s",False,False,info,0:00:01,10,0:00:00,0:01:00,0:02:00,0:04:00,info,1,info,info,5000,False,100,0:00:02,0:00:05,False,info,1,False,info,0:00:01,0:00:01,0:00:01,0:00:01,0:00:01,False,False,1,1,info,-1.0,-1.0,-1.0,-1.0,-1.0,-1.0,-1.0,-1.0,-1.0,-1.0,-1.0,-1.0,-1.0,-1.0,5.871994172254367,4.373573,1.141558,557.265853,5.890771,7.144546,13.878447600000019,25375.282286982754,29730.0,4040.0,31110.0,30770.0,30880.0,30950.0
1,3,100,100,0,0,2,10,2,2,4,0,True,DistributionScheme.HASH,8g,12g,12g,12g,12g,12g,12g,12g,10,0:00:10,0:00:15,0:00:05,0:00:15,0:00:20,0:00:05,KeyValueStore,-1,write_only,1,0.0,1000,0,UniformReadWriteWorkload,1,1.0,16,0,UniformReadWriteWorkload,1,0.0,16,0,UniformReadWriteWorkload,linearizable,False,True,0:00:00.200000,0,info,"size,1,10s",False,False,info,0:00:01,10,0:00:00,0:01:00,0:02:00,0:04:00,info,1,info,info,5000,False,100,0:00:02,0:00:05,False,info,1,False,info,0:00:01,0:00:01,0:00:01,0:00:01,0:00:01,False,False,1,1,info,-1.0,-1.0,-1.0,-1.0,-1.0,-1.0,-1.0,-1.0,-1.0,-1.0,-1.0,-1.0,-1.0,-1.0,7.084353409592963,4.2725365,0.898485,2005.060095,6.522926099999999,8.629006299999988,88.08647477000017,34728.686770874636,36060.0,6109.0,48840.0,48020.0,48260.0,48760.0
1,4,100,100,0,0,2,10,2,2,4,0,True,DistributionScheme.HASH,8g,12g,12g,12g,12g,12g,12g,12g,10,0:00:10,0:00:15,0:00:05,0:00:15,0:00:20,0:00:05,KeyValueStore,-1,write_only,1,0.0,1000,0,UniformReadWriteWorkload,1,1.0,16,0,UniformReadWriteWorkload,1,0.0,16,0,UniformReadWriteWorkload,linearizable,False,True,0:00:00.200000,0,info,"size,1,10s",False,False,info,0:00:01,10,0:00:00,0:01:00,0:02:00,0:04:00,info,1,info,info,5000,False,100,0:00:02,0:00:05,False,info,1,False,info,0:00:01,0:00:01,0:00:01,0:00:01,0:00:01,False,False,1,1,info,-1.0,-1.0,-1.0,-1.0,-1.0,-1.0,-1.0,-1.0,-1.0,-1.0,-1.0,-1.0,-1.0,-1.0,8.6594565227785,5.742619,0.948632,1001.918708,10.504765,12.93463,91.40888439999962,41943.09242024671,44140.0,7540.0,60920.0,59800.0,60390.0,60700.0
1,5,100,100,0,0,2,10,2,2,4,0,True,DistributionScheme.HASH,8g,12g,12g,12g,12g,12g,12g,12g,10,0:00:10,0:00:15,0:00:05,0:00:15,0:00:20,0:00:05,KeyValueStore,-1,write_only,1,0.0,1000,0,UniformReadWriteWorkload,1,1.0,16,0,UniformReadWriteWorkload,1,0.0,16,0,UniformReadWriteWorkload,linearizable,False,True,0:00:00.200000,0,info,"size,1,10s",False,False,info,0:00:01,10,0:00:00,0:01:00,0:02:00,0:04:00,info,1,info,info,5000,False,100,0:00:02,0:00:05,False,info,1,False,info,0:00:01,0:00:01,0:00:01,0:00:01,0:00:01,False,False,1,1,info,-1.0,-1.0,-1.0,-1.0,-1.0,-1.0,-1.0,-1.0,-1.0,-1.0,-1.0,-1.0,-1.0,-1.0,11.136515743534279,7.344379,0.931892,1145.347791,14.162914,17.64171665,143.8906941699999,42692.06003820915,45670.0,9485.0,59580.0,59070.0,59340.0,59460.59999999998
1,6,100,100,0,0,2,10,2,2,4,0,True,DistributionScheme.HASH,8g,12g,12g,12g,12g,12g,12g,12g,10,0:00:10,0:00:15,0:00:05,0:00:15,0:00:20,0:00:05,KeyValueStore,-1,write_only,1,0.0,1000,0,UniformReadWriteWorkload,1,1.0,16,0,UniformReadWriteWorkload,1,0.0,16,0,UniformReadWriteWorkload,linearizable,False,True,0:00:00.200000,0,info,"size,1,10s",False,False,info,0:00:01,10,0:00:00,0:01:00,0:02:00,0:04:00,info,1,info,info,5000,False,100,0:00:02,0:00:05,False,info,1,False,info,0:00:01,0:00:01,0:00:01,0:00:01,0:00:01,False,False,1,1,info,-1.0,-1.0,-1.0,-1.0,-1.0,-1.0,-1.0,-1.0,-1.0,-1.0,-1.0,-1.0,-1.0,-1.0,13.562778415810177,9.223528,0.878315,909.500017,17.596895000000007,23.34022749999995,140.76681058999984,42776.126517763456,43850.0,11500.0,60350.0,59950.0,60050.0,60210.0
1,7,100,100,0,0,2,10,2,2,4,0,True,DistributionScheme.HASH,8g,12g,12g,12g,12g,12g,12g,12g,10,0:00:10,0:00:15,0:00:05,0:00:15,0:00:20,0:00:05,KeyValueStore,-1,write_only,1,0.0,1000,0,UniformReadWriteWorkload,1,1.0,16,0,UniformReadWriteWorkload,1,0.0,16,0,UniformReadWriteWorkload,linearizable,False,True,0:00:00.200000,0,info,"size,1,10s",False,False,info,0:00:01,10,0:00:00,0:01:00,0:02:00,0:04:00,info,1,info,info,5000,False,100,0:00:02,0:00:05,False,info,1,False,info,0:00:01,0:00:01,0:00:01,0:00:01,0:00:01,False,False,1,1,info,-1.0,-1.0,-1.0,-1.0,-1.0,-1.0,-1.0,-1.0,-1.0,-1.0,-1.0,-1.0,-1.0,-1.0,16.519945175422308,10.990189,0.871649,1001.540987,21.375156199999992,29.670966199999956,171.82008061999997,42509.89238302127,44140.0,5490.0,61090.0,59200.0,60180.0,60880.0
1,8,100,100,0,0,2,10,2,2,4,0,True,DistributionScheme.HASH,8g,12g,12g,12g,12g,12g,12g,12g,10,0:00:10,0:00:15,0:00:05,0:00:15,0:00:20,0:00:05,KeyValueStore,-1,write_only,1,0.0,1000,0,UniformReadWriteWorkload,1,1.0,16,0,UniformReadWriteWorkload,1,0.0,16,0,UniformReadWriteWorkload,linearizable,False,True,0:00:00.200000,0,info,"size,1,10s",False,False,info,0:00:01,10,0:00:00,0:01:00,0:02:00,0:04:00,info,1,info,info,5000,False,100,0:00:02,0:00:05,False,info,1,False,info,0:00:01,0:00:01,0:00:01,0:00:01,0:00:01,False,False,1,1,info,84.578775,84.578775,84.578775,84.578775,84.578775,84.578775,84.578775,nan,nan,nan,nan,nan,nan,nan,17.58732210465047,13.208603499999999,0.849569,1001.77501,22.535350000000005,28.130282699999995,180.9179138200018,44407.18852198762,45130.0,12060.0,60760.0,56970.0,57700.0,60181.100000000006
1,9,100,100,0,0,2,10,2,2,4,0,True,DistributionScheme.HASH,8g,12g,12g,12g,12g,12g,12g,12g,10,0:00:10,0:00:15,0:00:05,0:00:15,0:00:20,0:00:05,KeyValueStore,-1,write_only,1,0.0,1000,0,UniformReadWriteWorkload,1,1.0,16,0,UniformReadWriteWorkload,1,0.0,16,0,UniformReadWriteWorkload,linearizable,False,True,0:00:00.200000,0,info,"size,1,10s",False,False,info,0:00:01,10,0:00:00,0:01:00,0:02:00,0:04:00,info,1,info,info,5000,False,100,0:00:02,0:00:05,False,info,1,False,info,0:00:01,0:00:01,0:00:01,0:00:01,0:00:01,False,False,1,1,info,-1.0,-1.0,-1.0,-1.0,-1.0,-1.0,-1.0,-1.0,-1.0,-1.0,-1.0,-1.0,-1.0,-1.0,20.631866713770876,15.131985,0.904174,1001.611333,26.5879634,37.76372499999994,198.56170872000015,42950.24615487832,45600.0,11910.0,59370.0,58360.0,58650.0,59130.0
1,10,100,100,0,0,2,10,2,2,4,0,True,DistributionScheme.HASH,8g,12g,12g,12g,12g,12g,12g,12g,10,0:00:10,0:00:15,0:00:05,0:00:15,0:00:20,0:00:05,KeyValueStore,-1,write_only,1,0.0,1000,0,UniformReadWriteWorkload,1,1.0,16,0,UniformReadWriteWorkload,1,0.0,16,0,UniformReadWriteWorkload,linearizable,False,True,0:00:00.200000,0,info,"size,1,10s",False,False,info,0:00:01,10,0:00:00,0:01:00,0:02:00,0:04:00,info,1,info,info,5000,False,100,0:00:02,0:00:05,False,info,1,False,info,0:00:01,0:00:01,0:00:01,0:00:01,0:00:01,False,False,1,1,info,-1.0,-1.0,-1.0,-1.0,-1.0,-1.0,-1.0,-1.0,-1.0,-1.0,-1.0,-1.0,-1.0,-1.0,22.65941631711717,17.141254,0.878124,1001.600534,30.614496900000006,42.93681114999996,205.5276911,42902.519596131504,43900.0,7825.0,58600.0,56460.0,57120.0,58150.0
1,1,1,1,0,0,2,10,2,2,4,0,True,DistributionScheme.HASH,8g,12g,12g,12g,12g,12g,12g,12g,10,0:00:10,0:00:15,0:00:05,0:00:15,0:00:20,0:00:05,KeyValueStore,-1,write_only,1,0.0,100,0,UniformReadWriteWorkload,1,1.0,16,0,UniformReadWriteWorkload,1,0.0,16,0,UniformReadWriteWorkload,linearizable,False,True,0:00:00.200000,0,info,"size,1,10s",False,False,info,0:00:01,1,0:00:00,0:01:00,0:02:00,0:04:00,info,1,info,info,5000,False,100,0:00:02,0:00:05,False,info,1,False,info,0:00:01,0:00:01,0:00:01,0:00:01,0:00:01,False,False,1,1,info,-1.0,-1.0,-1.0,-1.0,-1.0,-1.0,-1.0,-1.0,-1.0,-1.0,-1.0,-1.0,-1.0,-1.0,0.35989540802422404,0.346834,0.298686,2.299267,0.412723,0.43998139999999997,0.49938014000000003,2671.96829203304,2720.0,2100.0,2910.0,2850.0,2870.0,2900.0
1,1,50,50,0,0,2,10,2,2,4,0,True,DistributionScheme.HASH,8g,12g,12g,12g,12g,12g,12g,12g,10,0:00:10,0:00:15,0:00:05,0:00:15,0:00:20,0:00:05,KeyValueStore,-1,write_only,1,0.0,100,0,UniformReadWriteWorkload,1,1.0,16,0,UniformReadWriteWorkload,1,0.0,16,0,UniformReadWriteWorkload,linearizable,False,True,0:00:00.200000,0,info,"size,1,10s",False,False,info,0:00:01,10,0:00:00,0:01:00,0:02:00,0:04:00,info,1,info,info,5000,False,100,0:00:02,0:00:05,False,info,1,False,info,0:00:01,0:00:01,0:00:01,0:00:01,0:00:01,False,False,1,1,info,-1.0,-1.0,-1.0,-1.0,-1.0,-1.0,-1.0,-1.0,-1.0,-1.0,-1.0,-1.0,-1.0,-1.0,1.1934991217189277,1.053081,0.819213,557.007094,1.2954582000000001,1.4023796,1.572388840000001,42006.803331523355,43850.0,8750.0,48100.0,46960.0,47650.0,47970.0
1,1,100,100,0,0,2,10,2,2,4,0,True,DistributionScheme.HASH,8g,12g,12g,12g,12g,12g,12g,12g,10,0:00:10,0:00:15,0:00:05,0:00:15,0:00:20,0:00:05,KeyValueStore,-1,write_only,1,0.0,100,0,UniformReadWriteWorkload,1,1.0,16,0,UniformReadWriteWorkload,1,0.0,16,0,UniformReadWriteWorkload,linearizable,False,True,0:00:00.200000,0,info,"size,1,10s",False,False,info,0:00:01,10,0:00:00,0:01:00,0:02:00,0:04:00,info,1,info,info,5000,False,100,0:00:02,0:00:05,False,info,1,False,info,0:00:01,0:00:01,0:00:01,0:00:01,0:00:01,False,False,1,1,info,-1.0,-1.0,-1.0,-1.0,-1.0,-1.0,-1.0,-1.0,-1.0,-1.0,-1.0,-1.0,-1.0,-1.0,1.7452206188712396,1.458177,0.816388,751.648572,1.8300521999999997,2.2124671999999994,2.9024974800000005,48402.60037899213,49900.0,5550.0,60320.0,58970.0,59900.0,60190.0
1,2,100,100,0,0,2,10,2,2,4,0,True,DistributionScheme.HASH,8g,12g,12g,12g,12g,12g,12g,12g,10,0:00:10,0:00:15,0:00:05,0:00:15,0:00:20,0:00:05,KeyValueStore,-1,write_only,1,0.0,100,0,UniformReadWriteWorkload,1,1.0,16,0,UniformReadWriteWorkload,1,0.0,16,0,UniformReadWriteWorkload,linearizable,False,True,0:00:00.200000,0,info,"size,1,10s",False,False,info,0:00:01,10,0:00:00,0:01:00,0:02:00,0:04:00,info,1,info,info,5000,False,100,0:00:02,0:00:05,False,info,1,False,info,0:00:01,0:00:01,0:00:01,0:00:01,0:00:01,False,False,1,1,info,-1.0,-1.0,-1.0,-1.0,-1.0,-1.0,-1.0,-1.0,-1.0,-1.0,-1.0,-1.0,-1.0,-1.0,2.7428886428483414,1.713509,0.719973,1002.087173,2.3482644,2.6718727999999996,6.152508919999989,66324.55771755439,74430.0,3090.0,89780.0,88030.0,89100.0,89640.0
1,3,100,100,0,0,2,10,2,2,4,0,True,DistributionScheme.HASH,8g,12g,12g,12g,12g,12g,12g,12g,10,0:00:10,0:00:15,0:00:05,0:00:15,0:00:20,0:00:05,KeyValueStore,-1,write_only,1,0.0,100,0,UniformReadWriteWorkload,1,1.0,16,0,UniformReadWriteWorkload,1,0.0,16,0,UniformReadWriteWorkload,linearizable,False,True,0:00:00.200000,0,info,"size,1,10s",False,False,info,0:00:01,10,0:00:00,0:01:00,0:02:00,0:04:00,info,1,info,info,5000,False,100,0:00:02,0:00:05,False,info,1,False,info,0:00:01,0:00:01,0:00:01,0:00:01,0:00:01,False,False,1,1,info,-1.0,-1.0,-1.0,-1.0,-1.0,-1.0,-1.0,-1.0,-1.0,-1.0,-1.0,-1.0,-1.0,-1.0,3.255323687239213,1.8472905,0.694035,1001.745526,3.192424,3.7735920999999997,5.925379670000002,94464.2848451283,104770.0,2820.0,124810.0,123260.0,124150.0,124590.0
1,4,100,100,0,0,2,10,2,2,4,0,True,DistributionScheme.HASH,8g,12g,12g,12g,12g,12g,12g,12g,10,0:00:10,0:00:15,0:00:05,0:00:15,0:00:20,0:00:05,KeyValueStore,-1,write_only,1,0.0,100,0,UniformReadWriteWorkload,1,1.0,16,0,UniformReadWriteWorkload,1,0.0,16,0,UniformReadWriteWorkload,linearizable,False,True,0:00:00.200000,0,info,"size,1,10s",False,False,info,0:00:01,10,0:00:00,0:01:00,0:02:00,0:04:00,info,1,info,info,5000,False,100,0:00:02,0:00:05,False,info,1,False,info,0:00:01,0:00:01,0:00:01,0:00:01,0:00:01,False,False,1,1,info,-1.0,-1.0,-1.0,-1.0,-1.0,-1.0,-1.0,-1.0,-1.0,-1.0,-1.0,-1.0,-1.0,-1.0,4.84096753301106,2.941969,0.673529,550.618037,4.4036906,5.17183,19.51452856000001,102987.77715166612,114670.0,1870.0,129810.0,128130.0,129320.0,129580.0
1,5,100,100,0,0,2,10,2,2,4,0,True,DistributionScheme.HASH,8g,12g,12g,12g,12g,12g,12g,12g,10,0:00:10,0:00:15,0:00:05,0:00:15,0:00:20,0:00:05,KeyValueStore,-1,write_only,1,0.0,100,0,UniformReadWriteWorkload,1,1.0,16,0,UniformReadWriteWorkload,1,0.0,16,0,UniformReadWriteWorkload,linearizable,False,True,0:00:00.200000,0,info,"size,1,10s",False,False,info,0:00:01,10,0:00:00,0:01:00,0:02:00,0:04:00,info,1,info,info,5000,False,100,0:00:02,0:00:05,False,info,1,False,info,0:00:01,0:00:01,0:00:01,0:00:01,0:00:01,False,False,1,1,info,-1.0,-1.0,-1.0,-1.0,-1.0,-1.0,-1.0,-1.0,-1.0,-1.0,-1.0,-1.0,-1.0,-1.0,5.483756643778125,3.137325,0.676474,1127.040084,6.5419574,7.8802468,19.27564479999993,90208.38413022964,104560.0,2760.0,132600.0,116070.0,124480.49999999988,131300.0
1,6,100,100,0,0,2,10,2,2,4,0,True,DistributionScheme.HASH,8g,12g,12g,12g,12g,12g,12g,12g,10,0:00:10,0:00:15,0:00:05,0:00:15,0:00:20,0:00:05,KeyValueStore,-1,write_only,1,0.0,100,0,UniformReadWriteWorkload,1,1.0,16,0,UniformReadWriteWorkload,1,0.0,16,0,UniformReadWriteWorkload,linearizable,False,True,0:00:00.200000,0,info,"size,1,10s",False,False,info,0:00:01,10,0:00:00,0:01:00,0:02:00,0:04:00,info,1,info,info,5000,False,100,0:00:02,0:00:05,False,info,1,False,info,0:00:01,0:00:01,0:00:01,0:00:01,0:00:01,False,False,1,1,info,-1.0,-1.0,-1.0,-1.0,-1.0,-1.0,-1.0,-1.0,-1.0,-1.0,-1.0,-1.0,-1.0,-1.0,6.830904559634018,4.29084,0.669799,1001.850226,7.283800000000001,8.715564199999998,35.091215759999876,105503.83915398418,120440.0,2830.0,137750.0,133700.0,135277.0,137470.0
1,7,100,100,0,0,2,10,2,2,4,0,True,DistributionScheme.HASH,8g,12g,12g,12g,12g,12g,12g,12g,10,0:00:10,0:00:15,0:00:05,0:00:15,0:00:20,0:00:05,KeyValueStore,-1,write_only,1,0.0,100,0,UniformReadWriteWorkload,1,1.0,16,0,UniformReadWriteWorkload,1,0.0,16,0,UniformReadWriteWorkload,linearizable,False,True,0:00:00.200000,0,info,"size,1,10s",False,False,info,0:00:01,10,0:00:00,0:01:00,0:02:00,0:04:00,info,1,info,info,5000,False,100,0:00:02,0:00:05,False,info,1,False,info,0:00:01,0:00:01,0:00:01,0:00:01,0:00:01,False,False,1,1,info,-1.0,-1.0,-1.0,-1.0,-1.0,-1.0,-1.0,-1.0,-1.0,-1.0,-1.0,-1.0,-1.0,-1.0,7.627787061280584,5.0346695,0.693063,1001.777871,9.2057495,11.028309049999995,33.535509960000844,102419.34596142921,111825.0,6940.0,140080.0,138010.0,138957.0,139710.0
1,8,100,100,0,0,2,10,2,2,4,0,True,DistributionScheme.HASH,8g,12g,12g,12g,12g,12g,12g,12g,10,0:00:10,0:00:15,0:00:05,0:00:15,0:00:20,0:00:05,KeyValueStore,-1,write_only,1,0.0,100,0,UniformReadWriteWorkload,1,1.0,16,0,UniformReadWriteWorkload,1,0.0,16,0,UniformReadWriteWorkload,linearizable,False,True,0:00:00.200000,0,info,"size,1,10s",False,False,info,0:00:01,10,0:00:00,0:01:00,0:02:00,0:04:00,info,1,info,info,5000,False,100,0:00:02,0:00:05,False,info,1,False,info,0:00:01,0:00:01,0:00:01,0:00:01,0:00:01,False,False,1,1,info,-1.0,-1.0,-1.0,-1.0,-1.0,-1.0,-1.0,-1.0,-1.0,-1.0,-1.0,-1.0,-1.0,-1.0,8.628842019482503,5.8518295,0.698016,549.804772,8.9343344,10.629195599999997,116.47028359999996,105564.24551266099,124397.0,4350.0,138130.0,133290.0,136480.0,137750.0
1,9,100,100,0,0,2,10,2,2,4,0,True,DistributionScheme.HASH,8g,12g,12g,12g,12g,12g,12g,12g,10,0:00:10,0:00:15,0:00:05,0:00:15,0:00:20,0:00:05,KeyValueStore,-1,write_only,1,0.0,100,0,UniformReadWriteWorkload,1,1.0,16,0,UniformReadWriteWorkload,1,0.0,16,0,UniformReadWriteWorkload,linearizable,False,True,0:00:00.200000,0,info,"size,1,10s",False,False,info,0:00:01,10,0:00:00,0:01:00,0:02:00,0:04:00,info,1,info,info,5000,False,100,0:00:02,0:00:05,False,info,1,False,info,0:00:01,0:00:01,0:00:01,0:00:01,0:00:01,False,False,1,1,info,-1.0,-1.0,-1.0,-1.0,-1.0,-1.0,-1.0,-1.0,-1.0,-1.0,-1.0,-1.0,-1.0,-1.0,11.4619999310607,7.025048,0.685955,1001.510949,13.088551800000001,16.305503799999997,214.25420376000005,93988.23451477334,103250.0,7320.0,130000.0,126270.0,128650.0,129480.0
1,10,100,100,0,0,2,10,2,2,4,0,True,DistributionScheme.HASH,8g,12g,12g,12g,12g,12g,12g,12g,10,0:00:10,0:00:15,0:00:05,0:00:15,0:00:20,0:00:05,KeyValueStore,-1,write_only,1,0.0,100,0,UniformReadWriteWorkload,1,1.0,16,0,UniformReadWriteWorkload,1,0.0,16,0,UniformReadWriteWorkload,linearizable,False,True,0:00:00.200000,0,info,"size,1,10s",False,False,info,0:00:01,10,0:00:00,0:01:00,0:02:00,0:04:00,info,1,info,info,5000,False,100,0:00:02,0:00:05,False,info,1,False,info,0:00:01,0:00:01,0:00:01,0:00:01,0:00:01,False,False,1,1,info,-1.0,-1.0,-1.0,-1.0,-1.0,-1.0,-1.0,-1.0,-1.0,-1.0,-1.0,-1.0,-1.0,-1.0,10.989443162442566,7.348462,0.67906,1001.764559,13.6022023,16.703483199999983,165.42885473999934,98281.86917874243,111710.0,3340.0,133770.0,126210.0,130690.0,133330.0
1,1,1,1,0,0,2,10,2,2,4,0,True,DistributionScheme.HASH,8g,12g,12g,12g,12g,12g,12g,12g,10,0:00:10,0:00:15,0:00:05,0:00:15,0:00:20,0:00:05,KeyValueStore,-1,write_only,1,0.0,1000,0,UniformReadWriteWorkload,1,1.0,16,0,UniformReadWriteWorkload,1,0.0,16,0,UniformReadWriteWorkload,linearizable,False,True,0:00:00.200000,0,info,"size,1,10s",False,False,info,0:00:01,1,0:00:00,0:01:00,0:02:00,0:04:00,info,1,info,info,5000,False,100,0:00:02,0:00:05,False,info,1,False,info,0:00:01,0:00:01,0:00:01,0:00:01,0:00:01,False,False,1,1,info,-1.0,-1.0,-1.0,-1.0,-1.0,-1.0,-1.0,-1.0,-1.0,-1.0,-1.0,-1.0,-1.0,-1.0,0.43363280367892976,0.408571,0.351712,21.111101,0.5053956000000001,0.54286775,0.6176523600000001,2049.329353932584,2160.0,1150.0,2350.0,2300.0,2340.0,2340.0
1,1,50,50,0,0,2,10,2,2,4,0,True,DistributionScheme.HASH,8g,12g,12g,12g,12g,12g,12g,12g,10,0:00:10,0:00:15,0:00:05,0:00:15,0:00:20,0:00:05,KeyValueStore,-1,write_only,1,0.0,1000,0,UniformReadWriteWorkload,1,1.0,16,0,UniformReadWriteWorkload,1,0.0,16,0,UniformReadWriteWorkload,linearizable,False,True,0:00:00.200000,0,info,"size,1,10s",False,False,info,0:00:01,10,0:00:00,0:01:00,0:02:00,0:04:00,info,1,info,info,5000,False,100,0:00:02,0:00:05,False,info,1,False,info,0:00:01,0:00:01,0:00:01,0:00:01,0:00:01,False,False,1,1,info,-1.0,-1.0,-1.0,-1.0,-1.0,-1.0,-1.0,-1.0,-1.0,-1.0,-1.0,-1.0,-1.0,-1.0,2.926149061861364,2.4832315,1.292878,716.123854,2.715546,3.222919,4.179267749999999,15126.920267539217,16280.0,5520.0,16790.0,16690.0,16710.0,16770.0
1,1,100,100,0,0,2,10,2,2,4,0,True,DistributionScheme.HASH,8g,12g,12g,12g,12g,12g,12g,12g,10,0:00:10,0:00:15,0:00:05,0:00:15,0:00:20,0:00:05,KeyValueStore,-1,write_only,1,0.0,1000,0,UniformReadWriteWorkload,1,1.0,16,0,UniformReadWriteWorkload,1,0.0,16,0,UniformReadWriteWorkload,linearizable,False,True,0:00:00.200000,0,info,"size,1,10s",False,False,info,0:00:01,10,0:00:00,0:01:00,0:02:00,0:04:00,info,1,info,info,5000,False,100,0:00:02,0:00:05,False,info,1,False,info,0:00:01,0:00:01,0:00:01,0:00:01,0:00:01,False,False,1,1,info,-1.0,-1.0,-1.0,-1.0,-1.0,-1.0,-1.0,-1.0,-1.0,-1.0,-1.0,-1.0,-1.0,-1.0,4.370940632672053,3.867403,1.430015,601.514628,4.493251,4.739552,6.587968199999974,16111.859082438548,17120.0,5990.0,17450.0,17350.0,17390.0,17410.0
1,2,100,100,0,0,2,10,2,2,4,0,True,DistributionScheme.HASH,8g,12g,12g,12g,12g,12g,12g,12g,10,0:00:10,0:00:15,0:00:05,0:00:15,0:00:20,0:00:05,KeyValueStore,-1,write_only,1,0.0,1000,0,UniformReadWriteWorkload,1,1.0,16,0,UniformReadWriteWorkload,1,0.0,16,0,UniformReadWriteWorkload,linearizable,False,True,0:00:00.200000,0,info,"size,1,10s",False,False,info,0:00:01,10,0:00:00,0:01:00,0:02:00,0:04:00,info,1,info,info,5000,False,100,0:00:02,0:00:05,False,info,1,False,info,0:00:01,0:00:01,0:00:01,0:00:01,0:00:01,False,False,1,1,info,-1.0,-1.0,-1.0,-1.0,-1.0,-1.0,-1.0,-1.0,-1.0,-1.0,-1.0,-1.0,-1.0,-1.0,5.700365143791719,4.283052,1.165638,3004.330549,5.499793,7.036259800000005,17.20916164000003,24328.165374746794,29230.0,5220.0,31950.0,30950.0,31150.0,31880.0
1,3,100,100,0,0,2,10,2,2,4,0,True,DistributionScheme.HASH,8g,12g,12g,12g,12g,12g,12g,12g,10,0:00:10,0:00:15,0:00:05,0:00:15,0:00:20,0:00:05,KeyValueStore,-1,write_only,1,0.0,1000,0,UniformReadWriteWorkload,1,1.0,16,0,UniformReadWriteWorkload,1,0.0,16,0,UniformReadWriteWorkload,linearizable,False,True,0:00:00.200000,0,info,"size,1,10s",False,False,info,0:00:01,10,0:00:00,0:01:00,0:02:00,0:04:00,info,1,info,info,5000,False,100,0:00:02,0:00:05,False,info,1,False,info,0:00:01,0:00:01,0:00:01,0:00:01,0:00:01,False,False,1,1,info,-1.0,-1.0,-1.0,-1.0,-1.0,-1.0,-1.0,-1.0,-1.0,-1.0,-1.0,-1.0,-1.0,-1.0,6.875146223669154,4.2660685,0.822966,1001.68585,5.9652366,7.707220249999993,107.02568721000735,34828.294117647056,37790.0,9240.0,48780.0,48360.0,48480.0,48670.0
1,4,100,100,0,0,2,10,2,2,4,0,True,DistributionScheme.HASH,8g,12g,12g,12g,12g,12g,12g,12g,10,0:00:10,0:00:15,0:00:05,0:00:15,0:00:20,0:00:05,KeyValueStore,-1,write_only,1,0.0,1000,0,UniformReadWriteWorkload,1,1.0,16,0,UniformReadWriteWorkload,1,0.0,16,0,UniformReadWriteWorkload,linearizable,False,True,0:00:00.200000,0,info,"size,1,10s",False,False,info,0:00:01,10,0:00:00,0:01:00,0:02:00,0:04:00,info,1,info,info,5000,False,100,0:00:02,0:00:05,False,info,1,False,info,0:00:01,0:00:01,0:00:01,0:00:01,0:00:01,False,False,1,1,info,-1.0,-1.0,-1.0,-1.0,-1.0,-1.0,-1.0,-1.0,-1.0,-1.0,-1.0,-1.0,-1.0,-1.0,8.686176481194689,5.7795875,0.933254,1001.116205,10.7801461,13.340795399999994,90.4323669800001,42171.76048591598,44040.0,5210.0,59130.0,57930.0,58630.0,58940.0
1,5,100,100,0,0,2,10,2,2,4,0,True,DistributionScheme.HASH,8g,12g,12g,12g,12g,12g,12g,12g,10,0:00:10,0:00:15,0:00:05,0:00:15,0:00:20,0:00:05,KeyValueStore,-1,write_only,1,0.0,1000,0,UniformReadWriteWorkload,1,1.0,16,0,UniformReadWriteWorkload,1,0.0,16,0,UniformReadWriteWorkload,linearizable,False,True,0:00:00.200000,0,info,"size,1,10s",False,False,info,0:00:01,10,0:00:00,0:01:00,0:02:00,0:04:00,info,1,info,info,5000,False,100,0:00:02,0:00:05,False,info,1,False,info,0:00:01,0:00:01,0:00:01,0:00:01,0:00:01,False,False,1,1,info,-1.0,-1.0,-1.0,-1.0,-1.0,-1.0,-1.0,-1.0,-1.0,-1.0,-1.0,-1.0,-1.0,-1.0,11.362670478170848,7.251901,0.857691,1001.046561,16.410326,20.218945,122.84466140000055,41257.81555517942,40770.0,10950.0,57490.0,56470.999999999985,57080.0,57240.0
1,6,100,100,0,0,2,10,2,2,4,0,True,DistributionScheme.HASH,8g,12g,12g,12g,12g,12g,12g,12g,10,0:00:10,0:00:15,0:00:05,0:00:15,0:00:20,0:00:05,KeyValueStore,-1,write_only,1,0.0,1000,0,UniformReadWriteWorkload,1,1.0,16,0,UniformReadWriteWorkload,1,0.0,16,0,UniformReadWriteWorkload,linearizable,False,True,0:00:00.200000,0,info,"size,1,10s",False,False,info,0:00:01,10,0:00:00,0:01:00,0:02:00,0:04:00,info,1,info,info,5000,False,100,0:00:02,0:00:05,False,info,1,False,info,0:00:01,0:00:01,0:00:01,0:00:01,0:00:01,False,False,1,1,info,87.336666,87.336666,87.336666,87.336666,87.336666,87.336666,87.336666,nan,nan,nan,nan,nan,nan,nan,14.216942183979464,9.026223,0.862714,789.300732,19.597643200000007,28.62928159999992,146.66416157999996,43242.40344230538,44750.0,10120.0,60860.0,59720.0,60250.0,60660.0
1,7,100,100,0,0,2,10,2,2,4,0,True,DistributionScheme.HASH,8g,12g,12g,12g,12g,12g,12g,12g,10,0:00:10,0:00:15,0:00:05,0:00:15,0:00:20,0:00:05,KeyValueStore,-1,write_only,1,0.0,1000,0,UniformReadWriteWorkload,1,1.0,16,0,UniformReadWriteWorkload,1,0.0,16,0,UniformReadWriteWorkload,linearizable,False,True,0:00:00.200000,0,info,"size,1,10s",False,False,info,0:00:01,10,0:00:00,0:01:00,0:02:00,0:04:00,info,1,info,info,5000,False,100,0:00:02,0:00:05,False,info,1,False,info,0:00:01,0:00:01,0:00:01,0:00:01,0:00:01,False,False,1,1,info,-1.0,-1.0,-1.0,-1.0,-1.0,-1.0,-1.0,-1.0,-1.0,-1.0,-1.0,-1.0,-1.0,-1.0,15.473942184795284,11.162105,0.873978,1002.46056,17.94548,21.5489395,173.74927251999995,43572.97565175018,44830.0,12280.0,61780.0,60830.0,61320.0,61600.0
1,8,100,100,0,0,2,10,2,2,4,0,True,DistributionScheme.HASH,8g,12g,12g,12g,12g,12g,12g,12g,10,0:00:10,0:00:15,0:00:05,0:00:15,0:00:20,0:00:05,KeyValueStore,-1,write_only,1,0.0,1000,0,UniformReadWriteWorkload,1,1.0,16,0,UniformReadWriteWorkload,1,0.0,16,0,UniformReadWriteWorkload,linearizable,False,True,0:00:00.200000,0,info,"size,1,10s",False,False,info,0:00:01,10,0:00:00,0:01:00,0:02:00,0:04:00,info,1,info,info,5000,False,100,0:00:02,0:00:05,False,info,1,False,info,0:00:01,0:00:01,0:00:01,0:00:01,0:00:01,False,False,1,1,info,-1.0,-1.0,-1.0,-1.0,-1.0,-1.0,-1.0,-1.0,-1.0,-1.0,-1.0,-1.0,-1.0,-1.0,17.850820491903686,13.430607,0.897442,1001.473024,22.3389925,29.99847784999999,168.8971380399991,43136.05035567803,45290.0,10027.0,59680.0,56810.0,57880.0,59410.0
1,9,100,100,0,0,2,10,2,2,4,0,True,DistributionScheme.HASH,8g,12g,12g,12g,12g,12g,12g,12g,10,0:00:10,0:00:15,0:00:05,0:00:15,0:00:20,0:00:05,KeyValueStore,-1,write_only,1,0.0,1000,0,UniformReadWriteWorkload,1,1.0,16,0,UniformReadWriteWorkload,1,0.0,16,0,UniformReadWriteWorkload,linearizable,False,True,0:00:00.200000,0,info,"size,1,10s",False,False,info,0:00:01,10,0:00:00,0:01:00,0:02:00,0:04:00,info,1,info,info,5000,False,100,0:00:02,0:00:05,False,info,1,False,info,0:00:01,0:00:01,0:00:01,0:00:01,0:00:01,False,False,1,1,info,-1.0,-1.0,-1.0,-1.0,-1.0,-1.0,-1.0,-1.0,-1.0,-1.0,-1.0,-1.0,-1.0,-1.0,18.93372994666781,14.872919,0.929225,801.617472,25.6364814,31.9178218,166.78330397999983,46096.31471760548,49270.0,8940.0,60210.0,58020.0,58540.0,59760.0
1,10,100,100,0,0,2,10,2,2,4,0,True,DistributionScheme.HASH,8g,12g,12g,12g,12g,12g,12g,12g,10,0:00:10,0:00:15,0:00:05,0:00:15,0:00:20,0:00:05,KeyValueStore,-1,write_only,1,0.0,1000,0,UniformReadWriteWorkload,1,1.0,16,0,UniformReadWriteWorkload,1,0.0,16,0,UniformReadWriteWorkload,linearizable,False,True,0:00:00.200000,0,info,"size,1,10s",False,False,info,0:00:01,10,0:00:00,0:01:00,0:02:00,0:04:00,info,1,info,info,5000,False,100,0:00:02,0:00:05,False,info,1,False,info,0:00:01,0:00:01,0:00:01,0:00:01,0:00:01,False,False,1,1,info,-1.0,-1.0,-1.0,-1.0,-1.0,-1.0,-1.0,-1.0,-1.0,-1.0,-1.0,-1.0,-1.0,-1.0,22.84852824256562,16.9760405,0.848507,2002.851454,29.556459000000004,42.470095899999926,211.41568351000024,43201.26091832588,45640.0,5072.0,60840.0,57610.0,58030.0,59590.0
