f,num_client_procs,num_warmup_clients_per_proc,num_clients_per_proc,num_batchers,num_read_batchers,num_leaders,num_proxy_leaders,num_acceptor_groups,num_replicas,num_proxy_replicas,distribution_scheme,client_jvm_heap_size,batcher_jvm_heap_size,read_batcher_jvm_heap_size,leader_jvm_heap_size,proxy_leader_jvm_heap_size,acceptor_jvm_heap_size,replica_jvm_heap_size,proxy_replica_jvm_heap_size,measurement_group_size,warmup_duration,warmup_timeout,warmup_sleep,duration,timeout,client_lag,state_machine,predetermined_read_fraction,workload.num_keys,workload.read_fraction,workload.write_size_mean,workload.write_size_std,workload.name,read_workload.num_keys,read_workload.read_fraction,read_workload.write_size_mean,read_workload.write_size_std,read_workload.name,write_workload.num_keys,write_workload.read_fraction,write_workload.write_size_mean,write_workload.write_size_std,write_workload.name,read_consistency,profiled,monitored,prometheus_scrape_interval,batcher_options.batch_size,batcher_log_level,read_batcher_options.read_batching_scheme,read_batcher_options.unsafe_read_at_first_slot,read_batcher_options.unsafe_read_at_i,read_batcher_log_level,leader_options.resend_phase1as_period,leader_options.flush_phase2as_every_n,leader_options.noop_flush_period,leader_options.election_options.ping_period,leader_options.election_options.no_ping_timeout_min,leader_options.election_options.no_ping_timeout_max,leader_log_level,proxy_leader_options.flush_phase2as_every_n,proxy_leader_log_level,acceptor_log_level,replica_options.log_grow_size,replica_options.unsafe_dont_use_client_table,replica_options.send_chosen_watermark_every_n_entries,replica_options.recover_log_entry_min_period,replica_options.recover_log_entry_max_period,replica_options.unsafe_dont_recover,replica_log_level,proxy_replica_options.flush_every_n,proxy_replica_options.batch_flush,proxy_replica_log_level,client_options.resend_client_request_period,client_options.resend_max_slot_requests_period,client_options.resend_read_request_period,client_options.resend_sequential_read_request_period,client_options.resend_eventual_read_request_period,client_options.unsafe_read_at_first_slot,client_options.unsafe_read_at_i,client_options.flush_writes_every_n,client_options.flush_reads_every_n,client_log_level,read_output.latency.mean_ms,read_output.latency.median_ms,read_output.latency.min_ms,read_output.latency.max_ms,read_output.latency.p90_ms,read_output.latency.p95_ms,read_output.latency.p99_ms,read_output.start_throughput_1s.mean,read_output.start_throughput_1s.median,read_output.start_throughput_1s.min,read_output.start_throughput_1s.max,read_output.start_throughput_1s.p90,read_output.start_throughput_1s.p95,read_output.start_throughput_1s.p99,write_output.latency.mean_ms,write_output.latency.median_ms,write_output.latency.min_ms,write_output.latency.max_ms,write_output.latency.p90_ms,write_output.latency.p95_ms,write_output.latency.p99_ms,write_output.start_throughput_1s.mean,write_output.start_throughput_1s.median,write_output.start_throughput_1s.min,write_output.start_throughput_1s.max,write_output.start_throughput_1s.p90,write_output.start_throughput_1s.p95,write_output.start_throughput_1s.p99
1,1,1,1,0,0,2,10,2,7,7,DistributionScheme.HASH,12g,12g,12g,12g,12g,12g,12g,12g,100,0:00:10,0:00:15,0:00:05,0:00:15,0:00:20,0:00:05,KeyValueStore,-1,1,0.0,16,0,UniformReadWriteWorkload,1,1.0,16,0,UniformReadWriteWorkload,1,0.0,16,0,UniformReadWriteWorkload,linearizable,False,True,0:00:00.200000,1,info,"size,1,10s",False,False,info,0:01:00,1,0:00:00,0:01:00,0:02:00,0:04:00,info,1,info,info,5000,False,100,0:02:00,0:04:00,False,info,1,True,info,0:02:00,0:00:01,0:00:01,0:00:01,0:00:01,False,False,1,1,info,-1.0,-1.0,-1.0,-1.0,-1.0,-1.0,-1.0,-1.0,-1.0,-1.0,-1.0,-1.0,-1.0,-1.0,0.45243260550458714,0.427835,0.379928,0.718148,0.5431798000000001,0.5913902999999999,0.6615848400000001,2263.1800643086817,2300.0,1600.0,2600.0,2500.0,2500.0,2500.0
1,1,10,10,0,0,2,10,2,7,7,DistributionScheme.HASH,12g,12g,12g,12g,12g,12g,12g,12g,100,0:00:10,0:00:15,0:00:05,0:00:15,0:00:20,0:00:05,KeyValueStore,-1,1,0.0,16,0,UniformReadWriteWorkload,1,1.0,16,0,UniformReadWriteWorkload,1,0.0,16,0,UniformReadWriteWorkload,linearizable,False,True,0:00:00.200000,1,info,"size,1,10s",False,False,info,0:01:00,1,0:00:00,0:01:00,0:02:00,0:04:00,info,1,info,info,5000,False,100,0:02:00,0:04:00,False,info,1,True,info,0:02:00,0:00:01,0:00:01,0:00:01,0:00:01,False,False,1,1,info,-1.0,-1.0,-1.0,-1.0,-1.0,-1.0,-1.0,-1.0,-1.0,-1.0,-1.0,-1.0,-1.0,-1.0,0.37300662120445344,0.36649200000000004,0.342867,2.191369,0.387634,0.40584299999999995,0.48566526999999937,26486.810949298815,26500.0,24400.0,27100.0,26800.0,26800.0,26900.0
1,1,100,100,0,0,2,10,2,7,7,DistributionScheme.HASH,12g,12g,12g,12g,12g,12g,12g,12g,100,0:00:10,0:00:15,0:00:05,0:00:15,0:00:20,0:00:05,KeyValueStore,-1,1,0.0,16,0,UniformReadWriteWorkload,1,1.0,16,0,UniformReadWriteWorkload,1,0.0,16,0,UniformReadWriteWorkload,linearizable,False,True,0:00:00.200000,1,info,"size,1,10s",False,False,info,0:01:00,1,0:00:00,0:01:00,0:02:00,0:04:00,info,1,info,info,5000,False,100,0:02:00,0:04:00,False,info,1,True,info,0:02:00,0:00:01,0:00:01,0:00:01,0:00:01,False,False,1,1,info,-1.0,-1.0,-1.0,-1.0,-1.0,-1.0,-1.0,-1.0,-1.0,-1.0,-1.0,-1.0,-1.0,-1.0,1.3439166402284963,1.004261,0.329547,240.310001,1.369876,1.5006599999999999,2.0627137199999983,68480.62205181828,69500.0,5900.0,91900.0,89700.0,91200.0,91700.0
1,2,100,100,0,0,2,10,2,7,7,DistributionScheme.HASH,12g,12g,12g,12g,12g,12g,12g,12g,100,0:00:10,0:00:15,0:00:05,0:00:15,0:00:20,0:00:05,KeyValueStore,-1,1,0.0,16,0,UniformReadWriteWorkload,1,1.0,16,0,UniformReadWriteWorkload,1,0.0,16,0,UniformReadWriteWorkload,linearizable,False,True,0:00:00.200000,1,info,"size,1,10s",False,False,info,0:01:00,1,0:00:00,0:01:00,0:02:00,0:04:00,info,1,info,info,5000,False,100,0:02:00,0:04:00,False,info,1,True,info,0:02:00,0:00:01,0:00:01,0:00:01,0:00:01,False,False,1,1,info,-1.0,-1.0,-1.0,-1.0,-1.0,-1.0,-1.0,-1.0,-1.0,-1.0,-1.0,-1.0,-1.0,-1.0,2.362988979652091,1.9161225000000002,0.357607,300.798927,2.2507493,2.4692837499999998,4.583531860000011,90997.27665657585,99600.0,8200.0,106200.0,105700.0,105800.0,105900.0
1,3,100,100,0,0,2,10,2,7,7,DistributionScheme.HASH,12g,12g,12g,12g,12g,12g,12g,12g,100,0:00:10,0:00:15,0:00:05,0:00:15,0:00:20,0:00:05,KeyValueStore,-1,1,0.0,16,0,UniformReadWriteWorkload,1,1.0,16,0,UniformReadWriteWorkload,1,0.0,16,0,UniformReadWriteWorkload,linearizable,False,True,0:00:00.200000,1,info,"size,1,10s",False,False,info,0:01:00,1,0:00:00,0:01:00,0:02:00,0:04:00,info,1,info,info,5000,False,100,0:02:00,0:04:00,False,info,1,True,info,0:02:00,0:00:01,0:00:01,0:00:01,0:00:01,False,False,1,1,info,-1.0,-1.0,-1.0,-1.0,-1.0,-1.0,-1.0,-1.0,-1.0,-1.0,-1.0,-1.0,-1.0,-1.0,3.5725934858370465,2.8209725,0.453637,297.49038,3.3325295,3.6802812,13.28832671999998,90856.92798634812,100700.0,6200.0,106200.0,104800.0,105200.0,105900.0
1,4,100,100,0,0,2,10,2,7,7,DistributionScheme.HASH,12g,12g,12g,12g,12g,12g,12g,12g,100,0:00:10,0:00:15,0:00:05,0:00:15,0:00:20,0:00:05,KeyValueStore,-1,1,0.0,16,0,UniformReadWriteWorkload,1,1.0,16,0,UniformReadWriteWorkload,1,0.0,16,0,UniformReadWriteWorkload,linearizable,False,True,0:00:00.200000,1,info,"size,1,10s",False,False,info,0:01:00,1,0:00:00,0:01:00,0:02:00,0:04:00,info,1,info,info,5000,False,100,0:02:00,0:04:00,False,info,1,True,info,0:02:00,0:00:01,0:00:01,0:00:01,0:00:01,False,False,1,1,info,-1.0,-1.0,-1.0,-1.0,-1.0,-1.0,-1.0,-1.0,-1.0,-1.0,-1.0,-1.0,-1.0,-1.0,4.855720356869452,3.84031,0.405662,302.175014,4.5445344,5.2172096,18.862692739999833,90082.12119361313,98200.0,12800.0,106700.0,104000.0,106000.0,106400.0
1,5,100,100,0,0,2,10,2,7,7,DistributionScheme.HASH,12g,12g,12g,12g,12g,12g,12g,12g,100,0:00:10,0:00:15,0:00:05,0:00:15,0:00:20,0:00:05,KeyValueStore,-1,1,0.0,16,0,UniformReadWriteWorkload,1,1.0,16,0,UniformReadWriteWorkload,1,0.0,16,0,UniformReadWriteWorkload,linearizable,False,True,0:00:00.200000,1,info,"size,1,10s",False,False,info,0:01:00,1,0:00:00,0:01:00,0:02:00,0:04:00,info,1,info,info,5000,False,100,0:02:00,0:04:00,False,info,1,True,info,0:02:00,0:00:01,0:00:01,0:00:01,0:00:01,False,False,1,1,info,-1.0,-1.0,-1.0,-1.0,-1.0,-1.0,-1.0,-1.0,-1.0,-1.0,-1.0,-1.0,-1.0,-1.0,6.323739059551304,4.2710185,0.358037,842.550258,5.4951748,6.306779700000001,47.66614335000038,79859.14552613941,91600.0,1400.0,102600.0,100300.0,101100.0,102000.0
1,6,100,100,0,0,2,10,2,7,7,DistributionScheme.HASH,12g,12g,12g,12g,12g,12g,12g,12g,100,0:00:10,0:00:15,0:00:05,0:00:15,0:00:20,0:00:05,KeyValueStore,-1,1,0.0,16,0,UniformReadWriteWorkload,1,1.0,16,0,UniformReadWriteWorkload,1,0.0,16,0,UniformReadWriteWorkload,linearizable,False,True,0:00:00.200000,1,info,"size,1,10s",False,False,info,0:01:00,1,0:00:00,0:01:00,0:02:00,0:04:00,info,1,info,info,5000,False,100,0:02:00,0:04:00,False,info,1,True,info,0:02:00,0:00:01,0:00:01,0:00:01,0:00:01,False,False,1,1,info,-1.0,-1.0,-1.0,-1.0,-1.0,-1.0,-1.0,-1.0,-1.0,-1.0,-1.0,-1.0,-1.0,-1.0,7.407765189208985,5.0512345,0.351821,836.532283,6.5787116,7.8324282,92.33665837999908,80305.37286465177,96000.0,1100.0,103200.0,101500.0,101800.0,102325.0
1,7,100,100,0,0,2,10,2,7,7,DistributionScheme.HASH,12g,12g,12g,12g,12g,12g,12g,12g,100,0:00:10,0:00:15,0:00:05,0:00:15,0:00:20,0:00:05,KeyValueStore,-1,1,0.0,16,0,UniformReadWriteWorkload,1,1.0,16,0,UniformReadWriteWorkload,1,0.0,16,0,UniformReadWriteWorkload,linearizable,False,True,0:00:00.200000,1,info,"size,1,10s",False,False,info,0:01:00,1,0:00:00,0:01:00,0:02:00,0:04:00,info,1,info,info,5000,False,100,0:02:00,0:04:00,False,info,1,True,info,0:02:00,0:00:01,0:00:01,0:00:01,0:00:01,False,False,1,1,info,-1.0,-1.0,-1.0,-1.0,-1.0,-1.0,-1.0,-1.0,-1.0,-1.0,-1.0,-1.0,-1.0,-1.0,8.310668118240292,6.020253,0.323267,823.761211,7.525301400000001,9.469310399999996,114.13713267999995,81624.11276181198,99100.0,5800.0,105600.0,104500.0,105100.0,105400.0
1,8,100,100,0,0,2,10,2,7,7,DistributionScheme.HASH,12g,12g,12g,12g,12g,12g,12g,12g,100,0:00:10,0:00:15,0:00:05,0:00:15,0:00:20,0:00:05,KeyValueStore,-1,1,0.0,16,0,UniformReadWriteWorkload,1,1.0,16,0,UniformReadWriteWorkload,1,0.0,16,0,UniformReadWriteWorkload,linearizable,False,True,0:00:00.200000,1,info,"size,1,10s",False,False,info,0:01:00,1,0:00:00,0:01:00,0:02:00,0:04:00,info,1,info,info,5000,False,100,0:02:00,0:04:00,False,info,1,True,info,0:02:00,0:00:01,0:00:01,0:00:01,0:00:01,False,False,1,1,info,-1.0,-1.0,-1.0,-1.0,-1.0,-1.0,-1.0,-1.0,-1.0,-1.0,-1.0,-1.0,-1.0,-1.0,9.067755960918022,6.4715615,0.344567,862.579085,8.6828684,10.64516445,131.0507525499998,85928.70444805674,100500.0,1100.0,110600.0,108500.0,109400.0,110100.0
1,9,100,100,0,0,2,10,2,7,7,DistributionScheme.HASH,12g,12g,12g,12g,12g,12g,12g,12g,100,0:00:10,0:00:15,0:00:05,0:00:15,0:00:20,0:00:05,KeyValueStore,-1,1,0.0,16,0,UniformReadWriteWorkload,1,1.0,16,0,UniformReadWriteWorkload,1,0.0,16,0,UniformReadWriteWorkload,linearizable,False,True,0:00:00.200000,1,info,"size,1,10s",False,False,info,0:01:00,1,0:00:00,0:01:00,0:02:00,0:04:00,info,1,info,info,5000,False,100,0:02:00,0:04:00,False,info,1,True,info,0:02:00,0:00:01,0:00:01,0:00:01,0:00:01,False,False,1,1,info,-1.0,-1.0,-1.0,-1.0,-1.0,-1.0,-1.0,-1.0,-1.0,-1.0,-1.0,-1.0,-1.0,-1.0,10.967967825436801,7.855285,0.360439,853.800796,10.0503125,12.64997625,157.61872985,80593.02227762586,91300.0,4222.0,114000.0,111800.0,112500.0,113700.0
1,10,100,100,0,0,2,10,2,7,7,DistributionScheme.HASH,12g,12g,12g,12g,12g,12g,12g,12g,100,0:00:10,0:00:15,0:00:05,0:00:15,0:00:20,0:00:05,KeyValueStore,-1,1,0.0,16,0,UniformReadWriteWorkload,1,1.0,16,0,UniformReadWriteWorkload,1,0.0,16,0,UniformReadWriteWorkload,linearizable,False,True,0:00:00.200000,1,info,"size,1,10s",False,False,info,0:01:00,1,0:00:00,0:01:00,0:02:00,0:04:00,info,1,info,info,5000,False,100,0:02:00,0:04:00,False,info,1,True,info,0:02:00,0:00:01,0:00:01,0:00:01,0:00:01,False,False,1,1,info,-1.0,-1.0,-1.0,-1.0,-1.0,-1.0,-1.0,-1.0,-1.0,-1.0,-1.0,-1.0,-1.0,-1.0,10.600604939984999,8.166842,0.39241,860.39358,10.474094000000001,13.015356699999998,158.07510851999947,85493.75676049519,96900.0,6000.0,111300.0,109200.0,110500.0,110900.0
1,1,1,1,0,0,2,10,2,7,7,DistributionScheme.HASH,12g,12g,12g,12g,12g,12g,12g,12g,100,0:00:10,0:00:15,0:00:05,0:00:15,0:00:20,0:00:05,KeyValueStore,-1,1,0.0,16,0,UniformReadWriteWorkload,1,1.0,16,0,UniformReadWriteWorkload,1,0.0,16,0,UniformReadWriteWorkload,linearizable,False,True,0:00:00.200000,1,info,"size,1,10s",False,False,info,0:01:00,1,0:00:00,0:01:00,0:02:00,0:04:00,info,1,info,info,5000,False,100,0:02:00,0:04:00,False,info,1,True,info,0:02:00,0:00:01,0:00:01,0:00:01,0:00:01,False,False,1,1,info,-1.0,-1.0,-1.0,-1.0,-1.0,-1.0,-1.0,-1.0,-1.0,-1.0,-1.0,-1.0,-1.0,-1.0,0.4494976565349545,0.425425,0.379333,0.734418,0.528864,0.5706675999999999,0.6308155599999998,2281.0320512820513,2400.0,1700.0,2600.0,2500.0,2600.0,2600.0
1,1,10,10,0,0,2,10,2,7,7,DistributionScheme.HASH,12g,12g,12g,12g,12g,12g,12g,12g,100,0:00:10,0:00:15,0:00:05,0:00:15,0:00:20,0:00:05,KeyValueStore,-1,1,0.0,16,0,UniformReadWriteWorkload,1,1.0,16,0,UniformReadWriteWorkload,1,0.0,16,0,UniformReadWriteWorkload,linearizable,False,True,0:00:00.200000,1,info,"size,1,10s",False,False,info,0:01:00,1,0:00:00,0:01:00,0:02:00,0:04:00,info,1,info,info,5000,False,100,0:02:00,0:04:00,False,info,1,True,info,0:02:00,0:00:01,0:00:01,0:00:01,0:00:01,False,False,1,1,info,-1.0,-1.0,-1.0,-1.0,-1.0,-1.0,-1.0,-1.0,-1.0,-1.0,-1.0,-1.0,-1.0,-1.0,0.3766870565072871,0.370836,0.343598,2.246809,0.390541,0.4040495,0.47942870000000015,26195.683478735005,26300.0,24300.0,26700.0,26500.0,26600.0,26600.0
1,1,100,100,0,0,2,10,2,7,7,DistributionScheme.HASH,12g,12g,12g,12g,12g,12g,12g,12g,100,0:00:10,0:00:15,0:00:05,0:00:15,0:00:20,0:00:05,KeyValueStore,-1,1,0.0,16,0,UniformReadWriteWorkload,1,1.0,16,0,UniformReadWriteWorkload,1,0.0,16,0,UniformReadWriteWorkload,linearizable,False,True,0:00:00.200000,1,info,"size,1,10s",False,False,info,0:01:00,1,0:00:00,0:01:00,0:02:00,0:04:00,info,1,info,info,5000,False,100,0:02:00,0:04:00,False,info,1,True,info,0:02:00,0:00:01,0:00:01,0:00:01,0:00:01,False,False,1,1,info,-1.0,-1.0,-1.0,-1.0,-1.0,-1.0,-1.0,-1.0,-1.0,-1.0,-1.0,-1.0,-1.0,-1.0,1.481820374717026,1.036961,0.33173,237.761092,1.4694938,1.5965204,2.0861640399999994,64300.59404566671,69000.0,3600.0,75900.0,72000.0,73600.0,75073.99999999997
1,2,100,100,0,0,2,10,2,7,7,DistributionScheme.HASH,12g,12g,12g,12g,12g,12g,12g,12g,100,0:00:10,0:00:15,0:00:05,0:00:15,0:00:20,0:00:05,KeyValueStore,-1,1,0.0,16,0,UniformReadWriteWorkload,1,1.0,16,0,UniformReadWriteWorkload,1,0.0,16,0,UniformReadWriteWorkload,linearizable,False,True,0:00:00.200000,1,info,"size,1,10s",False,False,info,0:01:00,1,0:00:00,0:01:00,0:02:00,0:04:00,info,1,info,info,5000,False,100,0:02:00,0:04:00,False,info,1,True,info,0:02:00,0:00:01,0:00:01,0:00:01,0:00:01,False,False,1,1,info,-1.0,-1.0,-1.0,-1.0,-1.0,-1.0,-1.0,-1.0,-1.0,-1.0,-1.0,-1.0,-1.0,-1.0,2.557955867636868,2.0968735,0.346624,179.271989,2.4488168999999997,2.6731580500000005,6.031409819999939,85775.53691836166,91800.0,4000.0,101700.0,98500.0,99500.0,101300.0
1,3,100,100,0,0,2,10,2,7,7,DistributionScheme.HASH,12g,12g,12g,12g,12g,12g,12g,12g,100,0:00:10,0:00:15,0:00:05,0:00:15,0:00:20,0:00:05,KeyValueStore,-1,1,0.0,16,0,UniformReadWriteWorkload,1,1.0,16,0,UniformReadWriteWorkload,1,0.0,16,0,UniformReadWriteWorkload,linearizable,False,True,0:00:00.200000,1,info,"size,1,10s",False,False,info,0:01:00,1,0:00:00,0:01:00,0:02:00,0:04:00,info,1,info,info,5000,False,100,0:02:00,0:04:00,False,info,1,True,info,0:02:00,0:00:01,0:00:01,0:00:01,0:00:01,False,False,1,1,info,-1.0,-1.0,-1.0,-1.0,-1.0,-1.0,-1.0,-1.0,-1.0,-1.0,-1.0,-1.0,-1.0,-1.0,3.691793614353831,2.854486,0.423378,292.264974,3.4583176,3.7926053,13.889873250000546,91668.08300220751,97900.0,9500.0,108400.0,107700.0,107900.0,108100.0
1,4,100,100,0,0,2,10,2,7,7,DistributionScheme.HASH,12g,12g,12g,12g,12g,12g,12g,12g,100,0:00:10,0:00:15,0:00:05,0:00:15,0:00:20,0:00:05,KeyValueStore,-1,1,0.0,16,0,UniformReadWriteWorkload,1,1.0,16,0,UniformReadWriteWorkload,1,0.0,16,0,UniformReadWriteWorkload,linearizable,False,True,0:00:00.200000,1,info,"size,1,10s",False,False,info,0:01:00,1,0:00:00,0:01:00,0:02:00,0:04:00,info,1,info,info,5000,False,100,0:02:00,0:04:00,False,info,1,True,info,0:02:00,0:00:01,0:00:01,0:00:01,0:00:01,False,False,1,1,info,-1.0,-1.0,-1.0,-1.0,-1.0,-1.0,-1.0,-1.0,-1.0,-1.0,-1.0,-1.0,-1.0,-1.0,4.912251049876948,3.9683505,0.402471,298.120488,4.5536921999999995,5.1770718,17.925847080000203,89849.47655697099,96200.0,10900.0,103900.0,98900.0,100500.0,103300.0
1,5,100,100,0,0,2,10,2,7,7,DistributionScheme.HASH,12g,12g,12g,12g,12g,12g,12g,12g,100,0:00:10,0:00:15,0:00:05,0:00:15,0:00:20,0:00:05,KeyValueStore,-1,1,0.0,16,0,UniformReadWriteWorkload,1,1.0,16,0,UniformReadWriteWorkload,1,0.0,16,0,UniformReadWriteWorkload,linearizable,False,True,0:00:00.200000,1,info,"size,1,10s",False,False,info,0:01:00,1,0:00:00,0:01:00,0:02:00,0:04:00,info,1,info,info,5000,False,100,0:02:00,0:04:00,False,info,1,True,info,0:02:00,0:00:01,0:00:01,0:00:01,0:00:01,False,False,1,1,info,-1.0,-1.0,-1.0,-1.0,-1.0,-1.0,-1.0,-1.0,-1.0,-1.0,-1.0,-1.0,-1.0,-1.0,6.2620478217525175,5.062278,0.50401,307.21497,5.6734382,6.654461199999998,37.45417812000005,90011.47404751233,92600.0,18200.0,114600.0,113400.0,113800.0,114100.0
1,6,100,100,0,0,2,10,2,7,7,DistributionScheme.HASH,12g,12g,12g,12g,12g,12g,12g,12g,100,0:00:10,0:00:15,0:00:05,0:00:15,0:00:20,0:00:05,KeyValueStore,-1,1,0.0,16,0,UniformReadWriteWorkload,1,1.0,16,0,UniformReadWriteWorkload,1,0.0,16,0,UniformReadWriteWorkload,linearizable,False,True,0:00:00.200000,1,info,"size,1,10s",False,False,info,0:01:00,1,0:00:00,0:01:00,0:02:00,0:04:00,info,1,info,info,5000,False,100,0:02:00,0:04:00,False,info,1,True,info,0:02:00,0:00:01,0:00:01,0:00:01,0:00:01,False,False,1,1,info,-1.0,-1.0,-1.0,-1.0,-1.0,-1.0,-1.0,-1.0,-1.0,-1.0,-1.0,-1.0,-1.0,-1.0,7.399528162895929,5.814147,0.615005,302.077435,7.256164,9.076999599999999,53.994170739997294,91415.20957711442,95800.0,11300.0,107100.0,104300.0,105900.0,106600.0
1,7,100,100,0,0,2,10,2,7,7,DistributionScheme.HASH,12g,12g,12g,12g,12g,12g,12g,12g,100,0:00:10,0:00:15,0:00:05,0:00:15,0:00:20,0:00:05,KeyValueStore,-1,1,0.0,16,0,UniformReadWriteWorkload,1,1.0,16,0,UniformReadWriteWorkload,1,0.0,16,0,UniformReadWriteWorkload,linearizable,False,True,0:00:00.200000,1,info,"size,1,10s",False,False,info,0:01:00,1,0:00:00,0:01:00,0:02:00,0:04:00,info,1,info,info,5000,False,100,0:02:00,0:04:00,False,info,1,True,info,0:02:00,0:00:01,0:00:01,0:00:01,0:00:01,False,False,1,1,info,-1.0,-1.0,-1.0,-1.0,-1.0,-1.0,-1.0,-1.0,-1.0,-1.0,-1.0,-1.0,-1.0,-1.0,8.223147133592635,6.913804000000001,0.730215,282.504198,8.183435100000002,10.1488823,48.9949661800006,89475.34451402591,97400.0,15000.0,107900.0,105600.0,106800.0,107500.0
1,8,100,100,0,0,2,10,2,7,7,DistributionScheme.HASH,12g,12g,12g,12g,12g,12g,12g,12g,100,0:00:10,0:00:15,0:00:05,0:00:15,0:00:20,0:00:05,KeyValueStore,-1,1,0.0,16,0,UniformReadWriteWorkload,1,1.0,16,0,UniformReadWriteWorkload,1,0.0,16,0,UniformReadWriteWorkload,linearizable,False,True,0:00:00.200000,1,info,"size,1,10s",False,False,info,0:01:00,1,0:00:00,0:01:00,0:02:00,0:04:00,info,1,info,info,5000,False,100,0:02:00,0:04:00,False,info,1,True,info,0:02:00,0:00:01,0:00:01,0:00:01,0:00:01,False,False,1,1,info,-1.0,-1.0,-1.0,-1.0,-1.0,-1.0,-1.0,-1.0,-1.0,-1.0,-1.0,-1.0,-1.0,-1.0,9.678605006352013,7.841931,0.7098,315.544565,9.809087399999997,12.25418199999999,95.81696331999935,91728.47616571329,98700.0,20700.0,104500.0,101600.0,102300.0,103300.0
1,9,100,100,0,0,2,10,2,7,7,DistributionScheme.HASH,12g,12g,12g,12g,12g,12g,12g,12g,100,0:00:10,0:00:15,0:00:05,0:00:15,0:00:20,0:00:05,KeyValueStore,-1,1,0.0,16,0,UniformReadWriteWorkload,1,1.0,16,0,UniformReadWriteWorkload,1,0.0,16,0,UniformReadWriteWorkload,linearizable,False,True,0:00:00.200000,1,info,"size,1,10s",False,False,info,0:01:00,1,0:00:00,0:01:00,0:02:00,0:04:00,info,1,info,info,5000,False,100,0:02:00,0:04:00,False,info,1,True,info,0:02:00,0:00:01,0:00:01,0:00:01,0:00:01,False,False,1,1,info,-1.0,-1.0,-1.0,-1.0,-1.0,-1.0,-1.0,-1.0,-1.0,-1.0,-1.0,-1.0,-1.0,-1.0,11.020491509967322,9.1115535,0.869473,317.704059,10.6655181,13.5524603,120.02191953000036,89228.12028756794,92900.0,10400.0,112200.0,110800.0,111300.0,111700.0
1,10,100,100,0,0,2,10,2,7,7,DistributionScheme.HASH,12g,12g,12g,12g,12g,12g,12g,12g,100,0:00:10,0:00:15,0:00:05,0:00:15,0:00:20,0:00:05,KeyValueStore,-1,1,0.0,16,0,UniformReadWriteWorkload,1,1.0,16,0,UniformReadWriteWorkload,1,0.0,16,0,UniformReadWriteWorkload,linearizable,False,True,0:00:00.200000,1,info,"size,1,10s",False,False,info,0:01:00,1,0:00:00,0:01:00,0:02:00,0:04:00,info,1,info,info,5000,False,100,0:02:00,0:04:00,False,info,1,True,info,0:02:00,0:00:01,0:00:01,0:00:01,0:00:01,False,False,1,1,info,-1.0,-1.0,-1.0,-1.0,-1.0,-1.0,-1.0,-1.0,-1.0,-1.0,-1.0,-1.0,-1.0,-1.0,11.636694583043512,9.684599,0.762354,320.114617,12.0391194,15.388820199999987,69.35836343999782,91155.19776490066,96400.0,21200.0,107100.0,104600.0,105400.0,106800.0
1,1,1,1,0,0,2,10,2,7,7,DistributionScheme.HASH,12g,12g,12g,12g,12g,12g,12g,12g,100,0:00:10,0:00:15,0:00:05,0:00:15,0:00:20,0:00:05,KeyValueStore,-1,1,0.0,16,0,UniformReadWriteWorkload,1,1.0,16,0,UniformReadWriteWorkload,1,0.0,16,0,UniformReadWriteWorkload,linearizable,False,True,0:00:00.200000,1,info,"size,1,10s",False,False,info,0:01:00,1,0:00:00,0:01:00,0:02:00,0:04:00,info,1,info,info,5000,False,100,0:02:00,0:04:00,False,info,1,True,info,0:02:00,0:00:01,0:00:01,0:00:01,0:00:01,False,False,1,1,info,-1.0,-1.0,-1.0,-1.0,-1.0,-1.0,-1.0,-1.0,-1.0,-1.0,-1.0,-1.0,-1.0,-1.0,0.45039294512195116,0.42722550000000004,0.384662,0.757018,0.5319727,0.57394485,0.63378756,2274.3205128205127,2400.0,1600.0,2500.0,2500.0,2500.0,2500.0
1,1,10,10,0,0,2,10,2,7,7,DistributionScheme.HASH,12g,12g,12g,12g,12g,12g,12g,12g,100,0:00:10,0:00:15,0:00:05,0:00:15,0:00:20,0:00:05,KeyValueStore,-1,1,0.0,16,0,UniformReadWriteWorkload,1,1.0,16,0,UniformReadWriteWorkload,1,0.0,16,0,UniformReadWriteWorkload,linearizable,False,True,0:00:00.200000,1,info,"size,1,10s",False,False,info,0:01:00,1,0:00:00,0:01:00,0:02:00,0:04:00,info,1,info,info,5000,False,100,0:02:00,0:04:00,False,info,1,True,info,0:02:00,0:00:01,0:00:01,0:00:01,0:00:01,False,False,1,1,info,-1.0,-1.0,-1.0,-1.0,-1.0,-1.0,-1.0,-1.0,-1.0,-1.0,-1.0,-1.0,-1.0,-1.0,0.37694452240717025,0.368976,0.343681,2.193006,0.3942174,0.4210028,0.5027185200000002,26231.196583514098,26300.0,21700.0,27100.0,26800.0,27000.0,27100.0
1,1,100,100,0,0,2,10,2,7,7,DistributionScheme.HASH,12g,12g,12g,12g,12g,12g,12g,12g,100,0:00:10,0:00:15,0:00:05,0:00:15,0:00:20,0:00:05,KeyValueStore,-1,1,0.0,16,0,UniformReadWriteWorkload,1,1.0,16,0,UniformReadWriteWorkload,1,0.0,16,0,UniformReadWriteWorkload,linearizable,False,True,0:00:00.200000,1,info,"size,1,10s",False,False,info,0:01:00,1,0:00:00,0:01:00,0:02:00,0:04:00,info,1,info,info,5000,False,100,0:02:00,0:04:00,False,info,1,True,info,0:02:00,0:00:01,0:00:01,0:00:01,0:00:01,False,False,1,1,info,-1.0,-1.0,-1.0,-1.0,-1.0,-1.0,-1.0,-1.0,-1.0,-1.0,-1.0,-1.0,-1.0,-1.0,1.331149425769107,0.947145,0.338102,209.493411,1.3048328,1.4743258,2.104057999999981,71570.02795995858,73400.0,2800.0,85800.0,84700.0,85100.0,85600.0
1,2,100,100,0,0,2,10,2,7,7,DistributionScheme.HASH,12g,12g,12g,12g,12g,12g,12g,12g,100,0:00:10,0:00:15,0:00:05,0:00:15,0:00:20,0:00:05,KeyValueStore,-1,1,0.0,16,0,UniformReadWriteWorkload,1,1.0,16,0,UniformReadWriteWorkload,1,0.0,16,0,UniformReadWriteWorkload,linearizable,False,True,0:00:00.200000,1,info,"size,1,10s",False,False,info,0:01:00,1,0:00:00,0:01:00,0:02:00,0:04:00,info,1,info,info,5000,False,100,0:02:00,0:04:00,False,info,1,True,info,0:02:00,0:00:01,0:00:01,0:00:01,0:00:01,False,False,1,1,info,-1.0,-1.0,-1.0,-1.0,-1.0,-1.0,-1.0,-1.0,-1.0,-1.0,-1.0,-1.0,-1.0,-1.0,2.5292469985373827,1.990777,0.379892,184.485148,2.3806596000000004,2.6110516999999995,5.662377280000088,87781.5740603592,94700.0,9800.0,110800.0,104000.0,108600.0,110300.0
1,3,100,100,0,0,2,10,2,7,7,DistributionScheme.HASH,12g,12g,12g,12g,12g,12g,12g,12g,100,0:00:10,0:00:15,0:00:05,0:00:15,0:00:20,0:00:05,KeyValueStore,-1,1,0.0,16,0,UniformReadWriteWorkload,1,1.0,16,0,UniformReadWriteWorkload,1,0.0,16,0,UniformReadWriteWorkload,linearizable,False,True,0:00:00.200000,1,info,"size,1,10s",False,False,info,0:01:00,1,0:00:00,0:01:00,0:02:00,0:04:00,info,1,info,info,5000,False,100,0:02:00,0:04:00,False,info,1,True,info,0:02:00,0:00:01,0:00:01,0:00:01,0:00:01,False,False,1,1,info,-1.0,-1.0,-1.0,-1.0,-1.0,-1.0,-1.0,-1.0,-1.0,-1.0,-1.0,-1.0,-1.0,-1.0,3.6629531944376876,2.953935,0.40778,289.561202,3.4445032,3.8561325999999996,12.400449880000004,92405.43272345269,95100.0,9100.0,112100.0,110600.0,110900.0,111800.0
1,4,100,100,0,0,2,10,2,7,7,DistributionScheme.HASH,12g,12g,12g,12g,12g,12g,12g,12g,100,0:00:10,0:00:15,0:00:05,0:00:15,0:00:20,0:00:05,KeyValueStore,-1,1,0.0,16,0,UniformReadWriteWorkload,1,1.0,16,0,UniformReadWriteWorkload,1,0.0,16,0,UniformReadWriteWorkload,linearizable,False,True,0:00:00.200000,1,info,"size,1,10s",False,False,info,0:01:00,1,0:00:00,0:01:00,0:02:00,0:04:00,info,1,info,info,5000,False,100,0:02:00,0:04:00,False,info,1,True,info,0:02:00,0:00:01,0:00:01,0:00:01,0:00:01,False,False,1,1,info,-1.0,-1.0,-1.0,-1.0,-1.0,-1.0,-1.0,-1.0,-1.0,-1.0,-1.0,-1.0,-1.0,-1.0,4.746782875752951,3.560191,0.427413,266.634742,4.625665,5.231559000000001,19.870976499999998,93343.55915833046,104800.0,12600.0,113800.0,112200.0,112700.0,113200.0
1,5,100,100,0,0,2,10,2,7,7,DistributionScheme.HASH,12g,12g,12g,12g,12g,12g,12g,12g,100,0:00:10,0:00:15,0:00:05,0:00:15,0:00:20,0:00:05,KeyValueStore,-1,1,0.0,16,0,UniformReadWriteWorkload,1,1.0,16,0,UniformReadWriteWorkload,1,0.0,16,0,UniformReadWriteWorkload,linearizable,False,True,0:00:00.200000,1,info,"size,1,10s",False,False,info,0:01:00,1,0:00:00,0:01:00,0:02:00,0:04:00,info,1,info,info,5000,False,100,0:02:00,0:04:00,False,info,1,True,info,0:02:00,0:00:01,0:00:01,0:00:01,0:00:01,False,False,1,1,info,-1.0,-1.0,-1.0,-1.0,-1.0,-1.0,-1.0,-1.0,-1.0,-1.0,-1.0,-1.0,-1.0,-1.0,6.209145480889855,4.825977,0.512142,299.963761,5.8902898,7.023000199999997,54.434912000000054,89479.85150749233,97900.0,12900.0,102600.0,101800.0,102100.0,102300.0
1,6,100,100,0,0,2,10,2,7,7,DistributionScheme.HASH,12g,12g,12g,12g,12g,12g,12g,12g,100,0:00:10,0:00:15,0:00:05,0:00:15,0:00:20,0:00:05,KeyValueStore,-1,1,0.0,16,0,UniformReadWriteWorkload,1,1.0,16,0,UniformReadWriteWorkload,1,0.0,16,0,UniformReadWriteWorkload,linearizable,False,True,0:00:00.200000,1,info,"size,1,10s",False,False,info,0:01:00,1,0:00:00,0:01:00,0:02:00,0:04:00,info,1,info,info,5000,False,100,0:02:00,0:04:00,False,info,1,True,info,0:02:00,0:00:01,0:00:01,0:00:01,0:00:01,False,False,1,1,info,55.799308,55.799308,55.799308,55.799308,55.799308,55.799308,55.799308,nan,nan,nan,nan,nan,nan,nan,6.766933762395606,5.401876,0.925882,318.443927,6.823195,7.988351,21.709408100000005,95840.46240206769,103900.0,15600.0,112500.0,110700.0,111000.0,111700.0
1,7,100,100,0,0,2,10,2,7,7,DistributionScheme.HASH,12g,12g,12g,12g,12g,12g,12g,12g,100,0:00:10,0:00:15,0:00:05,0:00:15,0:00:20,0:00:05,KeyValueStore,-1,1,0.0,16,0,UniformReadWriteWorkload,1,1.0,16,0,UniformReadWriteWorkload,1,0.0,16,0,UniformReadWriteWorkload,linearizable,False,True,0:00:00.200000,1,info,"size,1,10s",False,False,info,0:01:00,1,0:00:00,0:01:00,0:02:00,0:04:00,info,1,info,info,5000,False,100,0:02:00,0:04:00,False,info,1,True,info,0:02:00,0:00:01,0:00:01,0:00:01,0:00:01,False,False,1,1,info,-1.0,-1.0,-1.0,-1.0,-1.0,-1.0,-1.0,-1.0,-1.0,-1.0,-1.0,-1.0,-1.0,-1.0,8.555456215433301,6.7459755,0.730686,311.313183,8.301942100000002,10.172130349999982,67.09269003000043,90989.55258545135,98400.0,11200.0,103800.0,102800.0,103000.0,103300.0
1,8,100,100,0,0,2,10,2,7,7,DistributionScheme.HASH,12g,12g,12g,12g,12g,12g,12g,12g,100,0:00:10,0:00:15,0:00:05,0:00:15,0:00:20,0:00:05,KeyValueStore,-1,1,0.0,16,0,UniformReadWriteWorkload,1,1.0,16,0,UniformReadWriteWorkload,1,0.0,16,0,UniformReadWriteWorkload,linearizable,False,True,0:00:00.200000,1,info,"size,1,10s",False,False,info,0:01:00,1,0:00:00,0:01:00,0:02:00,0:04:00,info,1,info,info,5000,False,100,0:02:00,0:04:00,False,info,1,True,info,0:02:00,0:00:01,0:00:01,0:00:01,0:00:01,False,False,1,1,info,-1.0,-1.0,-1.0,-1.0,-1.0,-1.0,-1.0,-1.0,-1.0,-1.0,-1.0,-1.0,-1.0,-1.0,9.728564888680934,7.654071,0.611894,303.790747,9.467339800000003,12.0224978,105.3840251199995,89575.45686257335,97700.0,15600.0,105500.0,102600.0,103100.0,103700.0
1,9,100,100,0,0,2,10,2,7,7,DistributionScheme.HASH,12g,12g,12g,12g,12g,12g,12g,12g,100,0:00:10,0:00:15,0:00:05,0:00:15,0:00:20,0:00:05,KeyValueStore,-1,1,0.0,16,0,UniformReadWriteWorkload,1,1.0,16,0,UniformReadWriteWorkload,1,0.0,16,0,UniformReadWriteWorkload,linearizable,False,True,0:00:00.200000,1,info,"size,1,10s",False,False,info,0:01:00,1,0:00:00,0:01:00,0:02:00,0:04:00,info,1,info,info,5000,False,100,0:02:00,0:04:00,False,info,1,True,info,0:02:00,0:00:01,0:00:01,0:00:01,0:00:01,False,False,1,1,info,-1.0,-1.0,-1.0,-1.0,-1.0,-1.0,-1.0,-1.0,-1.0,-1.0,-1.0,-1.0,-1.0,-1.0,10.778477927346357,8.628932500000001,0.838846,320.708466,10.913136300000001,14.06162564999999,101.96421541999983,91594.18814344544,99500.0,16100.0,105900.0,104400.0,105300.0,105600.0
1,10,100,100,0,0,2,10,2,7,7,DistributionScheme.HASH,12g,12g,12g,12g,12g,12g,12g,12g,100,0:00:10,0:00:15,0:00:05,0:00:15,0:00:20,0:00:05,KeyValueStore,-1,1,0.0,16,0,UniformReadWriteWorkload,1,1.0,16,0,UniformReadWriteWorkload,1,0.0,16,0,UniformReadWriteWorkload,linearizable,False,True,0:00:00.200000,1,info,"size,1,10s",False,False,info,0:01:00,1,0:00:00,0:01:00,0:02:00,0:04:00,info,1,info,info,5000,False,100,0:02:00,0:04:00,False,info,1,True,info,0:02:00,0:00:01,0:00:01,0:00:01,0:00:01,False,False,1,1,info,-1.0,-1.0,-1.0,-1.0,-1.0,-1.0,-1.0,-1.0,-1.0,-1.0,-1.0,-1.0,-1.0,-1.0,12.166256997118618,9.852844000000001,1.309418,314.039609,11.806914400000002,16.193880799999942,99.5751054,90173.25172592337,98700.0,15608.0,102400.0,100900.0,101300.0,101800.0
1,1,1,1,0,0,2,10,2,7,7,DistributionScheme.HASH,12g,12g,12g,12g,12g,12g,12g,12g,100,0:00:10,0:00:15,0:00:05,0:00:15,0:00:20,0:00:05,KeyValueStore,-1,1,0.5,16,0,UniformReadWriteWorkload,1,1.0,16,0,UniformReadWriteWorkload,1,0.0,16,0,UniformReadWriteWorkload,linearizable,False,True,0:00:00.200000,1,info,"size,1,10s",False,False,info,0:01:00,1,0:00:00.001000,0:01:00,0:02:00,0:04:00,info,1,info,info,5000,False,100,0:02:00,0:04:00,False,info,1,True,info,0:02:00,0:00:01,0:00:01,0:00:01,0:00:01,False,False,1,1,info,0.5708414827586207,0.570387,0.455419,0.723969,0.6233025999999999,0.6434594,0.67380404,1000.2426470588235,1000.0,900.0,1100.0,1000.0,1000.0,1100.0,0.46443217605633796,0.463083,0.414949,0.609935,0.4940952,0.5025931499999999,0.51989158,992.2105263157895,1000.0,900.0,1100.0,1000.0,1100.0,1100.0
1,1,10,10,0,0,2,10,2,7,7,DistributionScheme.HASH,12g,12g,12g,12g,12g,12g,12g,12g,100,0:00:10,0:00:15,0:00:05,0:00:15,0:00:20,0:00:05,KeyValueStore,-1,1,0.5,16,0,UniformReadWriteWorkload,1,1.0,16,0,UniformReadWriteWorkload,1,0.0,16,0,UniformReadWriteWorkload,linearizable,False,True,0:00:00.200000,1,info,"size,1,10s",False,False,info,0:01:00,1,0:00:00.001000,0:01:00,0:02:00,0:04:00,info,1,info,info,5000,False,100,0:02:00,0:04:00,False,info,1,True,info,0:02:00,0:00:01,0:00:01,0:00:01,0:00:01,False,False,1,1,info,0.3148734262695313,0.2974015,0.248085,1.964767,0.36553789999999997,0.39434984999999995,0.5996899199999999,13889.675869120654,14100.0,9200.0,14700.0,14500.0,14600.0,14700.0,0.4037609069654165,0.391608,0.350202,1.655312,0.43369140000000006,0.4572768,0.6047278800000001,13915.286881061766,14200.0,9400.0,14900.0,14500.0,14700.0,14900.0
1,1,100,100,0,0,2,10,2,7,7,DistributionScheme.HASH,12g,12g,12g,12g,12g,12g,12g,12g,100,0:00:10,0:00:15,0:00:05,0:00:15,0:00:20,0:00:05,KeyValueStore,-1,1,0.5,16,0,UniformReadWriteWorkload,1,1.0,16,0,UniformReadWriteWorkload,1,0.0,16,0,UniformReadWriteWorkload,linearizable,False,True,0:00:00.200000,1,info,"size,1,10s",False,False,info,0:01:00,1,0:00:00.001000,0:01:00,0:02:00,0:04:00,info,1,info,info,5000,False,100,0:02:00,0:04:00,False,info,1,True,info,0:02:00,0:00:01,0:00:01,0:00:01,0:00:01,False,False,1,1,info,2.313649319278949,2.293874,0.954521,10.481754,2.6688766,2.8163574,3.4184581999999955,22195.2304964539,22300.0,17100.0,24100.0,23900.0,23900.0,24100.0,1.7982309657701712,1.7592215,1.237351,6.715312,2.0330664,2.15430495,2.680673439999999,22178.83532450759,22300.0,17500.0,24100.0,23700.0,23900.0,24000.0
1,2,100,100,0,0,2,10,2,7,7,DistributionScheme.HASH,12g,12g,12g,12g,12g,12g,12g,12g,100,0:00:10,0:00:15,0:00:05,0:00:15,0:00:20,0:00:05,KeyValueStore,-1,1,0.5,16,0,UniformReadWriteWorkload,1,1.0,16,0,UniformReadWriteWorkload,1,0.0,16,0,UniformReadWriteWorkload,linearizable,False,True,0:00:00.200000,1,info,"size,1,10s",False,False,info,0:01:00,1,0:00:00.001000,0:01:00,0:02:00,0:04:00,info,1,info,info,5000,False,100,0:02:00,0:04:00,False,info,1,True,info,0:02:00,0:00:01,0:00:01,0:00:01,0:00:01,False,False,1,1,info,2.664913710246052,2.3250640000000002,0.40268,180.21676,2.6712160000000003,2.8949007499999997,4.202874050000004,38626.643740340034,41200.0,6300.0,43900.0,42800.0,43400.0,43700.0,2.259977152958417,1.902256,0.534682,146.824043,2.1555799999999996,2.316041999999999,3.9057422200000014,38679.81415076152,41300.0,6600.0,43600.0,42440.00000000006,43300.0,43400.0
1,4,100,100,0,0,2,10,2,7,7,DistributionScheme.HASH,12g,12g,12g,12g,12g,12g,12g,12g,100,0:00:10,0:00:15,0:00:05,0:00:15,0:00:20,0:00:05,KeyValueStore,-1,1,0.5,16,0,UniformReadWriteWorkload,1,1.0,16,0,UniformReadWriteWorkload,1,0.0,16,0,UniformReadWriteWorkload,linearizable,False,True,0:00:00.200000,1,info,"size,1,10s",False,False,info,0:01:00,1,0:00:00.001000,0:01:00,0:02:00,0:04:00,info,1,info,info,5000,False,100,0:02:00,0:04:00,False,info,1,True,info,0:02:00,0:00:01,0:00:01,0:00:01,0:00:01,False,False,1,1,info,2.5720479553393996,1.974457,0.337905,172.194855,2.469966,2.74433,9.051560199999992,68993.2900896959,73000.0,9700.0,85000.0,84200.0,84400.0,84800.0,3.284908770140196,2.3959965,0.51805,153.326325,4.178897200000002,4.5632513,11.510089480000023,68987.43050995842,73000.0,9700.0,84700.0,84100.0,84300.0,84500.0
1,6,100,100,0,0,2,10,2,7,7,DistributionScheme.HASH,12g,12g,12g,12g,12g,12g,12g,12g,100,0:00:10,0:00:15,0:00:05,0:00:15,0:00:20,0:00:05,KeyValueStore,-1,1,0.5,16,0,UniformReadWriteWorkload,1,1.0,16,0,UniformReadWriteWorkload,1,0.0,16,0,UniformReadWriteWorkload,linearizable,False,True,0:00:00.200000,1,info,"size,1,10s",False,False,info,0:01:00,1,0:00:00.001000,0:01:00,0:02:00,0:04:00,info,1,info,info,5000,False,100,0:02:00,0:04:00,False,info,1,True,info,0:02:00,0:00:01,0:00:01,0:00:01,0:00:01,False,False,1,1,info,3.2184003605680185,1.448256,0.316639,689.439103,2.5937842,3.4345079999999997,48.617829029999896,78693.39943311893,91200.0,6800.0,99200.0,98100.0,98300.0,98900.0,6.52401113030521,4.593045,0.485564,686.868442,5.579208,6.563005,80.89915550000015,78794.5311717985,91500.0,7600.0,99300.0,97900.0,98200.0,98800.0
1,8,100,100,0,0,2,10,2,7,7,DistributionScheme.HASH,12g,12g,12g,12g,12g,12g,12g,12g,100,0:00:10,0:00:15,0:00:05,0:00:15,0:00:20,0:00:05,KeyValueStore,-1,1,0.5,16,0,UniformReadWriteWorkload,1,1.0,16,0,UniformReadWriteWorkload,1,0.0,16,0,UniformReadWriteWorkload,linearizable,False,True,0:00:00.200000,1,info,"size,1,10s",False,False,info,0:01:00,1,0:00:00.001000,0:01:00,0:02:00,0:04:00,info,1,info,info,5000,False,100,0:02:00,0:04:00,False,info,1,True,info,0:02:00,0:00:01,0:00:01,0:00:01,0:00:01,False,False,1,1,info,4.083508797773655,1.431286,0.314151,684.004769,3.113391200000001,3.8900072999999993,84.49432488,77391.15932627745,92300.0,10300.0,99700.0,98100.0,98800.0,99300.0,9.464564154274486,6.70672,0.571597,690.750763,7.757395200000003,9.347903500000001,113.7637449,77442.84933378886,92700.0,9800.0,99900.0,98100.0,98400.0,99500.0
1,10,100,100,0,0,2,10,2,7,7,DistributionScheme.HASH,12g,12g,12g,12g,12g,12g,12g,12g,100,0:00:10,0:00:15,0:00:05,0:00:15,0:00:20,0:00:05,KeyValueStore,-1,1,0.5,16,0,UniformReadWriteWorkload,1,1.0,16,0,UniformReadWriteWorkload,1,0.0,16,0,UniformReadWriteWorkload,linearizable,False,True,0:00:00.200000,1,info,"size,1,10s",False,False,info,0:01:00,1,0:00:00.001000,0:01:00,0:02:00,0:04:00,info,1,info,info,5000,False,100,0:02:00,0:04:00,False,info,1,True,info,0:02:00,0:00:01,0:00:01,0:00:01,0:00:01,False,False,1,1,info,4.041824742978547,1.607969,0.355615,699.951095,3.6286584000000026,4.9191020000000005,80.27682240000013,74083.99332165535,87100.0,4370.0,93600.0,92300.0,92600.0,93000.0,11.504283203943954,9.115814,0.594471,496.459365,10.578429,13.104300899999993,121.78979799999999,73883.59438411758,86500.0,4563.0,93500.0,92100.0,92500.0,92900.0
1,12,100,100,0,0,2,10,2,7,7,DistributionScheme.HASH,12g,12g,12g,12g,12g,12g,12g,12g,100,0:00:10,0:00:15,0:00:05,0:00:15,0:00:20,0:00:05,KeyValueStore,-1,1,0.5,16,0,UniformReadWriteWorkload,1,1.0,16,0,UniformReadWriteWorkload,1,0.0,16,0,UniformReadWriteWorkload,linearizable,False,True,0:00:00.200000,1,info,"size,1,10s",False,False,info,0:01:00,1,0:00:00.001000,0:01:00,0:02:00,0:04:00,info,1,info,info,5000,False,100,0:02:00,0:04:00,False,info,1,True,info,0:02:00,0:00:01,0:00:01,0:00:01,0:00:01,False,False,1,1,info,3.7289183887157353,1.749589,0.363135,378.031126,2.7031030000000027,3.6601961999999997,44.94056631999979,70507.17003073345,76800.0,6700.0,99000.0,97900.0,98200.0,98500.0,10.433907835654818,9.0367985,0.979029,351.65186,11.9074667,13.127274849999992,109.20811495000004,70280.48601864181,76400.0,7000.0,98600.0,97700.0,98000.0,98200.0
1,14,100,100,0,0,2,10,2,7,7,DistributionScheme.HASH,12g,12g,12g,12g,12g,12g,12g,12g,100,0:00:10,0:00:15,0:00:05,0:00:15,0:00:20,0:00:05,KeyValueStore,-1,1,0.5,16,0,UniformReadWriteWorkload,1,1.0,16,0,UniformReadWriteWorkload,1,0.0,16,0,UniformReadWriteWorkload,linearizable,False,True,0:00:00.200000,1,info,"size,1,10s",False,False,info,0:01:00,1,0:00:00.001000,0:01:00,0:02:00,0:04:00,info,1,info,info,5000,False,100,0:02:00,0:04:00,False,info,1,True,info,0:02:00,0:00:01,0:00:01,0:00:01,0:00:01,False,False,1,1,info,3.8808049977226324,1.7707950000000001,0.381009,379.199385,2.9634147,4.127092399999998,56.90094107000004,70775.70202103187,79950.0,8700.0,98700.0,94400.0,96800.0,98100.0,12.30141378819744,10.888156,0.88051,314.183811,13.8768958,16.832158499999995,127.67572307999987,70881.5982590129,80300.0,8800.0,99000.0,94900.0,97100.0,98500.0
1,16,100,100,0,0,2,10,2,7,7,DistributionScheme.HASH,12g,12g,12g,12g,12g,12g,12g,12g,100,0:00:10,0:00:15,0:00:05,0:00:15,0:00:20,0:00:05,KeyValueStore,-1,1,0.5,16,0,UniformReadWriteWorkload,1,1.0,16,0,UniformReadWriteWorkload,1,0.0,16,0,UniformReadWriteWorkload,linearizable,False,True,0:00:00.200000,1,info,"size,1,10s",False,False,info,0:01:00,1,0:00:00.001000,0:01:00,0:02:00,0:04:00,info,1,info,info,5000,False,100,0:02:00,0:04:00,False,info,1,True,info,0:02:00,0:00:01,0:00:01,0:00:01,0:00:01,False,False,1,1,info,4.203274379921731,1.755208,0.402514,373.862862,2.80389,3.65754,88.16266719999952,68097.35283791691,77400.0,3500.0,91500.0,89300.0,89600.0,90200.0,14.668692285246944,14.025803,0.8995,398.157774,16.5490086,19.939414799999994,138.85367824000025,68185.32960053485,77300.0,2900.0,91500.0,89300.0,89600.0,90100.0
1,1,1,1,0,0,2,10,2,7,7,DistributionScheme.HASH,12g,12g,12g,12g,12g,12g,12g,12g,100,0:00:10,0:00:15,0:00:05,0:00:15,0:00:20,0:00:05,KeyValueStore,-1,1,0.5,16,0,UniformReadWriteWorkload,1,1.0,16,0,UniformReadWriteWorkload,1,0.0,16,0,UniformReadWriteWorkload,linearizable,False,True,0:00:00.200000,1,info,"size,1,10s",False,False,info,0:01:00,1,0:00:00.001000,0:01:00,0:02:00,0:04:00,info,1,info,info,5000,False,100,0:02:00,0:04:00,False,info,1,True,info,0:02:00,0:00:01,0:00:01,0:00:01,0:00:01,False,False,1,1,info,0.5711480780141844,0.569155,0.462838,0.725087,0.631899,0.645788,0.6695282,995.1526717557252,1000.0,900.0,1000.0,1000.0,1000.0,1000.0,0.4691164689655172,0.464172,0.419586,0.61948,0.503754,0.5114339999999999,0.5487668,1004.8382352941177,1000.0,900.0,1100.0,1000.0,1100.0,1100.0
1,1,10,10,0,0,2,10,2,7,7,DistributionScheme.HASH,12g,12g,12g,12g,12g,12g,12g,12g,100,0:00:10,0:00:15,0:00:05,0:00:15,0:00:20,0:00:05,KeyValueStore,-1,1,0.5,16,0,UniformReadWriteWorkload,1,1.0,16,0,UniformReadWriteWorkload,1,0.0,16,0,UniformReadWriteWorkload,linearizable,False,True,0:00:00.200000,1,info,"size,1,10s",False,False,info,0:01:00,1,0:00:00.001000,0:01:00,0:02:00,0:04:00,info,1,info,info,5000,False,100,0:02:00,0:04:00,False,info,1,True,info,0:02:00,0:00:01,0:00:01,0:00:01,0:00:01,False,False,1,1,info,0.31368925634765626,0.2991525,0.244352,1.27228,0.35766960000000003,0.43804639999999995,0.5625942799999999,13883.093367346939,14100.0,8800.0,14500.0,14400.0,14500.0,14500.0,0.4048052677702045,0.3942775,0.354821,1.335252,0.4360258,0.48645225000000003,0.56875985,13912.284114052953,14200.0,9000.0,14600.0,14400.0,14500.0,14600.0
1,1,100,100,0,0,2,10,2,7,7,DistributionScheme.HASH,12g,12g,12g,12g,12g,12g,12g,12g,100,0:00:10,0:00:15,0:00:05,0:00:15,0:00:20,0:00:05,KeyValueStore,-1,1,0.5,16,0,UniformReadWriteWorkload,1,1.0,16,0,UniformReadWriteWorkload,1,0.0,16,0,UniformReadWriteWorkload,linearizable,False,True,0:00:00.200000,1,info,"size,1,10s",False,False,info,0:01:00,1,0:00:00.001000,0:01:00,0:02:00,0:04:00,info,1,info,info,5000,False,100,0:02:00,0:04:00,False,info,1,True,info,0:02:00,0:00:01,0:00:01,0:00:01,0:00:01,False,False,1,1,info,2.4348166465994145,2.434922,1.453402,7.079171,2.7996804000000006,2.9678015999999996,3.5210134799999997,20664.839972527472,20500.0,16100.0,22700.0,22300.0,22500.0,22600.0,1.878231806033085,1.850986,1.246065,7.095316,2.1210542,2.2690466999999996,2.747358059999998,20736.6634714139,20600.0,16200.0,22800.0,22300.0,22600.0,22700.0
1,2,100,100,0,0,2,10,2,7,7,DistributionScheme.HASH,12g,12g,12g,12g,12g,12g,12g,12g,100,0:00:10,0:00:15,0:00:05,0:00:15,0:00:20,0:00:05,KeyValueStore,-1,1,0.5,16,0,UniformReadWriteWorkload,1,1.0,16,0,UniformReadWriteWorkload,1,0.0,16,0,UniformReadWriteWorkload,linearizable,False,True,0:00:00.200000,1,info,"size,1,10s",False,False,info,0:01:00,1,0:00:00.001000,0:01:00,0:02:00,0:04:00,info,1,info,info,5000,False,100,0:02:00,0:04:00,False,info,1,True,info,0:02:00,0:00:01,0:00:01,0:00:01,0:00:01,False,False,1,1,info,2.6315821230825422,2.300134,0.379514,156.146672,2.696686,2.8829365,4.10554575,38713.384361019256,41400.0,9400.0,44700.0,44400.0,44500.0,44600.0,2.2518427927697644,1.883085,0.619946,142.090508,2.1460247999999997,2.3046898,3.708072879999997,38774.61170523041,41600.0,9200.0,44900.0,44300.0,44600.0,44700.0
1,4,100,100,0,0,2,10,2,7,7,DistributionScheme.HASH,12g,12g,12g,12g,12g,12g,12g,12g,100,0:00:10,0:00:15,0:00:05,0:00:15,0:00:20,0:00:05,KeyValueStore,-1,1,0.5,16,0,UniformReadWriteWorkload,1,1.0,16,0,UniformReadWriteWorkload,1,0.0,16,0,UniformReadWriteWorkload,linearizable,False,True,0:00:00.200000,1,info,"size,1,10s",False,False,info,0:01:00,1,0:00:00.001000,0:01:00,0:02:00,0:04:00,info,1,info,info,5000,False,100,0:02:00,0:04:00,False,info,1,True,info,0:02:00,0:00:01,0:00:01,0:00:01,0:00:01,False,False,1,1,info,2.6169443348148147,1.961106,0.300016,178.48909,2.420274,2.6479873499999993,9.141862730000021,70627.22977858111,79100.0,11900.0,85900.0,85200.0,85400.0,85600.0,3.387425656700594,2.474099,0.546431,161.405853,3.6100111,4.477637399999999,13.761201350000015,70459.27373668706,78800.0,11500.0,85800.0,85000.0,85200.0,85500.0
1,6,100,100,0,0,2,10,2,7,7,DistributionScheme.HASH,12g,12g,12g,12g,12g,12g,12g,12g,100,0:00:10,0:00:15,0:00:05,0:00:15,0:00:20,0:00:05,KeyValueStore,-1,1,0.5,16,0,UniformReadWriteWorkload,1,1.0,16,0,UniformReadWriteWorkload,1,0.0,16,0,UniformReadWriteWorkload,linearizable,False,True,0:00:00.200000,1,info,"size,1,10s",False,False,info,0:01:00,1,0:00:00.001000,0:01:00,0:02:00,0:04:00,info,1,info,info,5000,False,100,0:02:00,0:04:00,False,info,1,True,info,0:02:00,0:00:01,0:00:01,0:00:01,0:00:01,False,False,1,1,info,2.8457995639505675,1.445509,0.356952,594.772951,2.993930200000001,3.3236631999999995,23.77906691999997,75618.44514609869,86400.0,18000.0,105300.0,92100.0,100200.0,104500.0,6.531458978808878,5.134247,0.840622,683.032525,5.9511332,6.5667893999999905,64.92032100000094,75560.48437834368,86200.0,18000.0,105000.0,92200.0,100600.0,104700.0
1,8,100,100,0,0,2,10,2,7,7,DistributionScheme.HASH,12g,12g,12g,12g,12g,12g,12g,12g,100,0:00:10,0:00:15,0:00:05,0:00:15,0:00:20,0:00:05,KeyValueStore,-1,1,0.5,16,0,UniformReadWriteWorkload,1,1.0,16,0,UniformReadWriteWorkload,1,0.0,16,0,UniformReadWriteWorkload,linearizable,False,True,0:00:00.200000,1,info,"size,1,10s",False,False,info,0:01:00,1,0:00:00.001000,0:01:00,0:02:00,0:04:00,info,1,info,info,5000,False,100,0:02:00,0:04:00,False,info,1,True,info,0:02:00,0:00:01,0:00:01,0:00:01,0:00:01,False,False,1,1,info,3.6045728665639447,1.384273,0.344377,682.859707,3.275181800000001,3.9972149999999975,59.49078379999971,76944.30883977901,87500.0,5337.0,94000.0,90800.0,92600.0,93600.0,9.32786026240115,7.229327,1.096172,691.830471,8.1827236,9.588420999999997,103.51587847999956,76957.536420913,87700.0,4851.0,93600.0,90700.0,91800.0,93000.0
1,10,100,100,0,0,2,10,2,7,7,DistributionScheme.HASH,12g,12g,12g,12g,12g,12g,12g,12g,100,0:00:10,0:00:15,0:00:05,0:00:15,0:00:20,0:00:05,KeyValueStore,-1,1,0.5,16,0,UniformReadWriteWorkload,1,1.0,16,0,UniformReadWriteWorkload,1,0.0,16,0,UniformReadWriteWorkload,linearizable,False,True,0:00:00.200000,1,info,"size,1,10s",False,False,info,0:01:00,1,0:00:00.001000,0:01:00,0:02:00,0:04:00,info,1,info,info,5000,False,100,0:02:00,0:04:00,False,info,1,True,info,0:02:00,0:00:01,0:00:01,0:00:01,0:00:01,False,False,1,1,info,4.216749085158936,1.546919,0.240684,698.045642,3.0261261,4.346221899999999,85.31774671999983,73062.80531073446,86400.0,8000.0,91600.0,89700.0,90200.0,90800.0,12.696516489642589,9.36544,1.264192,698.526337,10.713802799999996,14.87790379999996,129.1389453200001,73119.40732368897,86400.0,8300.0,91800.0,89600.0,90700.0,91400.0
1,12,100,100,0,0,2,10,2,7,7,DistributionScheme.HASH,12g,12g,12g,12g,12g,12g,12g,12g,100,0:00:10,0:00:15,0:00:05,0:00:15,0:00:20,0:00:05,KeyValueStore,-1,1,0.5,16,0,UniformReadWriteWorkload,1,1.0,16,0,UniformReadWriteWorkload,1,0.0,16,0,UniformReadWriteWorkload,linearizable,False,True,0:00:00.200000,1,info,"size,1,10s",False,False,info,0:01:00,1,0:00:00.001000,0:01:00,0:02:00,0:04:00,info,1,info,info,5000,False,100,0:02:00,0:04:00,False,info,1,True,info,0:02:00,0:00:01,0:00:01,0:00:01,0:00:01,False,False,1,1,info,4.830365828232553,1.623426,0.37207,654.183797,3.219641600000001,5.0161446,108.67095971999986,76504.99874658158,87100.0,3300.0,92200.0,90200.0,90700.0,91400.0,15.009091412769116,11.508212,0.746935,688.563268,13.183660800000002,17.821637200000023,134.59480579999962,76406.96760209902,86800.0,3400.0,91800.0,90300.0,90600.0,91100.0
1,14,100,100,0,0,2,10,2,7,7,DistributionScheme.HASH,12g,12g,12g,12g,12g,12g,12g,12g,100,0:00:10,0:00:15,0:00:05,0:00:15,0:00:20,0:00:05,KeyValueStore,-1,1,0.5,16,0,UniformReadWriteWorkload,1,1.0,16,0,UniformReadWriteWorkload,1,0.0,16,0,UniformReadWriteWorkload,linearizable,False,True,0:00:00.200000,1,info,"size,1,10s",False,False,info,0:01:00,1,0:00:00.001000,0:01:00,0:02:00,0:04:00,info,1,info,info,5000,False,100,0:02:00,0:04:00,False,info,1,True,info,0:02:00,0:00:01,0:00:01,0:00:01,0:00:01,False,False,1,1,info,5.56068213667402,1.735227,0.339688,692.982596,3.7757012000000048,6.342689100000002,116.83612305999972,75709.95773542601,88200.0,8454.0,92900.0,92200.0,92400.0,92700.0,17.39618141193152,13.219898,1.037088,696.615838,15.807832,25.372396,154.74935099999794,75693.34506726457,88600.0,8167.0,93100.0,91800.0,92400.0,92800.0
1,16,100,100,0,0,2,10,2,7,7,DistributionScheme.HASH,12g,12g,12g,12g,12g,12g,12g,12g,100,0:00:10,0:00:15,0:00:05,0:00:15,0:00:20,0:00:05,KeyValueStore,-1,1,0.5,16,0,UniformReadWriteWorkload,1,1.0,16,0,UniformReadWriteWorkload,1,0.0,16,0,UniformReadWriteWorkload,linearizable,False,True,0:00:00.200000,1,info,"size,1,10s",False,False,info,0:01:00,1,0:00:00.001000,0:01:00,0:02:00,0:04:00,info,1,info,info,5000,False,100,0:02:00,0:04:00,False,info,1,True,info,0:02:00,0:00:01,0:00:01,0:00:01,0:00:01,False,False,1,1,info,6.743502717678668,1.789327,0.360317,694.483708,4.450588600000002,8.367262199999999,153.88369175999884,75145.70184291356,87800.0,7338.0,97700.0,95200.0,96300.0,96700.0,20.164081181515314,14.936741,1.06852,696.785067,19.2921446,34.12790159999963,170.70628903999875,75245.9331283628,87600.0,6914.0,97900.0,95600.0,96800.0,97100.0
1,1,1,1,0,0,2,10,2,7,7,DistributionScheme.HASH,12g,12g,12g,12g,12g,12g,12g,12g,100,0:00:10,0:00:15,0:00:05,0:00:15,0:00:20,0:00:05,KeyValueStore,-1,1,0.5,16,0,UniformReadWriteWorkload,1,1.0,16,0,UniformReadWriteWorkload,1,0.0,16,0,UniformReadWriteWorkload,linearizable,False,True,0:00:00.200000,1,info,"size,1,10s",False,False,info,0:01:00,1,0:00:00.001000,0:01:00,0:02:00,0:04:00,info,1,info,info,5000,False,100,0:02:00,0:04:00,False,info,1,True,info,0:02:00,0:00:01,0:00:01,0:00:01,0:00:01,False,False,1,1,info,0.5689671468531469,0.573379,0.460638,0.697944,0.6263366,0.6484351,0.6797145,1001.3656716417911,1000.0,900.0,1100.0,1070.0000000000005,1100.0,1100.0,0.4681056458333333,0.4656005,0.420284,0.600886,0.4963537000000001,0.5105164499999999,0.5407620999999999,1006.6814814814815,1000.0,900.0,1100.0,1000.0,1100.0,1100.0
1,1,10,10,0,0,2,10,2,7,7,DistributionScheme.HASH,12g,12g,12g,12g,12g,12g,12g,12g,100,0:00:10,0:00:15,0:00:05,0:00:15,0:00:20,0:00:05,KeyValueStore,-1,1,0.5,16,0,UniformReadWriteWorkload,1,1.0,16,0,UniformReadWriteWorkload,1,0.0,16,0,UniformReadWriteWorkload,linearizable,False,True,0:00:00.200000,1,info,"size,1,10s",False,False,info,0:01:00,1,0:00:00.001000,0:01:00,0:02:00,0:04:00,info,1,info,info,5000,False,100,0:02:00,0:04:00,False,info,1,True,info,0:02:00,0:00:01,0:00:01,0:00:01,0:00:01,False,False,1,1,info,0.314288494140625,0.2958575,0.206742,1.302623,0.3619669,0.4034917499999999,0.6554819499999998,13900.9708886619,14200.0,9000.0,14800.0,14500.0,14600.0,14700.0,0.4038040850753524,0.390431,0.358666,1.316688,0.4342878,0.4610266,0.63219164,13977.966954753432,14300.0,9000.0,14700.0,14500.0,14600.0,14700.0
1,1,100,100,0,0,2,10,2,7,7,DistributionScheme.HASH,12g,12g,12g,12g,12g,12g,12g,12g,100,0:00:10,0:00:15,0:00:05,0:00:15,0:00:20,0:00:05,KeyValueStore,-1,1,0.5,16,0,UniformReadWriteWorkload,1,1.0,16,0,UniformReadWriteWorkload,1,0.0,16,0,UniformReadWriteWorkload,linearizable,False,True,0:00:00.200000,1,info,"size,1,10s",False,False,info,0:01:00,1,0:00:00.001000,0:01:00,0:02:00,0:04:00,info,1,info,info,5000,False,100,0:02:00,0:04:00,False,info,1,True,info,0:02:00,0:00:01,0:00:01,0:00:01,0:00:01,False,False,1,1,info,2.2943017144604094,2.283613,1.397892,11.25095,2.751214,2.865237,3.2620504000000015,22100.424715447156,22700.0,19600.0,23400.0,23200.0,23300.0,23300.0,1.7813892669115396,1.745507,1.183608,9.081933,2.0392526,2.1459847,2.48441752,22080.44223885454,22800.0,19400.0,23400.0,23200.0,23200.0,23300.0
1,2,100,100,0,0,2,10,2,7,7,DistributionScheme.HASH,12g,12g,12g,12g,12g,12g,12g,12g,100,0:00:10,0:00:15,0:00:05,0:00:15,0:00:20,0:00:05,KeyValueStore,-1,1,0.5,16,0,UniformReadWriteWorkload,1,1.0,16,0,UniformReadWriteWorkload,1,0.0,16,0,UniformReadWriteWorkload,linearizable,False,True,0:00:00.200000,1,info,"size,1,10s",False,False,info,0:01:00,1,0:00:00.001000,0:01:00,0:02:00,0:04:00,info,1,info,info,5000,False,100,0:02:00,0:04:00,False,info,1,True,info,0:02:00,0:00:01,0:00:01,0:00:01,0:00:01,False,False,1,1,info,2.507715480070859,2.235395,0.582947,139.963651,2.5729924000000004,2.7552358000000003,3.698274320000022,39301.03467222433,42000.0,7300.0,43800.0,43200.0,43400.0,43700.0,2.1713693174800355,1.862289,0.667862,155.190334,2.1014258,2.2732275,3.226055119999999,39234.16850094877,42000.0,7200.0,44200.0,43100.0,43600.0,44000.0
1,4,100,100,0,0,2,10,2,7,7,DistributionScheme.HASH,12g,12g,12g,12g,12g,12g,12g,12g,100,0:00:10,0:00:15,0:00:05,0:00:15,0:00:20,0:00:05,KeyValueStore,-1,1,0.5,16,0,UniformReadWriteWorkload,1,1.0,16,0,UniformReadWriteWorkload,1,0.0,16,0,UniformReadWriteWorkload,linearizable,False,True,0:00:00.200000,1,info,"size,1,10s",False,False,info,0:01:00,1,0:00:00.001000,0:01:00,0:02:00,0:04:00,info,1,info,info,5000,False,100,0:02:00,0:04:00,False,info,1,True,info,0:02:00,0:00:01,0:00:01,0:00:01,0:00:01,False,False,1,1,info,2.6191416963917526,2.0881815,0.471894,159.529327,2.5358834,2.7769984999999995,9.437444920000033,70130.02026730937,75700.0,9300.0,83000.0,82100.0,82400.0,82700.0,3.0479186272876824,2.256411,0.551301,145.200289,3.842796,4.290647,9.5941885,70373.44218579234,75800.0,9200.0,83100.0,82300.0,82700.0,82900.0
1,6,100,100,0,0,2,10,2,7,7,DistributionScheme.HASH,12g,12g,12g,12g,12g,12g,12g,12g,100,0:00:10,0:00:15,0:00:05,0:00:15,0:00:20,0:00:05,KeyValueStore,-1,1,0.5,16,0,UniformReadWriteWorkload,1,1.0,16,0,UniformReadWriteWorkload,1,0.0,16,0,UniformReadWriteWorkload,linearizable,False,True,0:00:00.200000,1,info,"size,1,10s",False,False,info,0:01:00,1,0:00:00.001000,0:01:00,0:02:00,0:04:00,info,1,info,info,5000,False,100,0:02:00,0:04:00,False,info,1,True,info,0:02:00,0:00:01,0:00:01,0:00:01,0:00:01,False,False,1,1,info,2.704579676425894,1.318125,0.308576,662.987532,2.590601,3.3181405,20.69408529999999,76671.77991105327,85100.0,3600.0,93600.0,92200.0,92700.0,93000.0,6.881166699574296,5.1248785,0.807159,678.697613,5.893110999999999,7.0345094999999995,81.52118535000018,76618.77376302083,85100.0,3600.0,93400.0,92300.0,92800.0,93100.0
1,8,100,100,0,0,2,10,2,7,7,DistributionScheme.HASH,12g,12g,12g,12g,12g,12g,12g,12g,100,0:00:10,0:00:15,0:00:05,0:00:15,0:00:20,0:00:05,KeyValueStore,-1,1,0.5,16,0,UniformReadWriteWorkload,1,1.0,16,0,UniformReadWriteWorkload,1,0.0,16,0,UniformReadWriteWorkload,linearizable,False,True,0:00:00.200000,1,info,"size,1,10s",False,False,info,0:01:00,1,0:00:00.001000,0:01:00,0:02:00,0:04:00,info,1,info,info,5000,False,100,0:02:00,0:04:00,False,info,1,True,info,0:02:00,0:00:01,0:00:01,0:00:01,0:00:01,False,False,1,1,info,4.097571688450825,1.454399,0.3321,701.832272,3.1463352,3.9112378000000008,69.19312471000009,79024.83691183188,90500.0,3100.0,101000.0,98700.0,99700.0,100200.0,9.608639195449179,6.720587,0.938331,695.795439,8.1117196,9.48478979999999,110.99695416000004,78786.6057208238,90600.0,3500.0,99400.0,98300.0,98600.0,99000.0
1,10,100,100,0,0,2,10,2,7,7,DistributionScheme.HASH,12g,12g,12g,12g,12g,12g,12g,12g,100,0:00:10,0:00:15,0:00:05,0:00:15,0:00:20,0:00:05,KeyValueStore,-1,1,0.5,16,0,UniformReadWriteWorkload,1,1.0,16,0,UniformReadWriteWorkload,1,0.0,16,0,UniformReadWriteWorkload,linearizable,False,True,0:00:00.200000,1,info,"size,1,10s",False,False,info,0:01:00,1,0:00:00.001000,0:01:00,0:02:00,0:04:00,info,1,info,info,5000,False,100,0:02:00,0:04:00,False,info,1,True,info,0:02:00,0:00:01,0:00:01,0:00:01,0:00:01,False,False,1,1,info,4.635360944052261,1.640631,0.298679,695.109524,3.788002,5.1642779999999995,96.20168500000018,78066.21264822135,89600.0,2793.0,100300.0,97000.0,99400.0,99800.0,11.79619125068522,8.6611855,0.800403,692.962506,10.438361,14.41455725,123.49831654999977,77987.03602891348,89600.0,3438.0,99700.0,96500.0,98900.0,99200.0
1,12,100,100,0,0,2,10,2,7,7,DistributionScheme.HASH,12g,12g,12g,12g,12g,12g,12g,12g,100,0:00:10,0:00:15,0:00:05,0:00:15,0:00:20,0:00:05,KeyValueStore,-1,1,0.5,16,0,UniformReadWriteWorkload,1,1.0,16,0,UniformReadWriteWorkload,1,0.0,16,0,UniformReadWriteWorkload,linearizable,False,True,0:00:00.200000,1,info,"size,1,10s",False,False,info,0:01:00,1,0:00:00.001000,0:01:00,0:02:00,0:04:00,info,1,info,info,5000,False,100,0:02:00,0:04:00,False,info,1,True,info,0:02:00,0:00:01,0:00:01,0:00:01,0:00:01,False,False,1,1,info,4.0683892272636415,1.6430015,0.365875,327.029969,2.9484380000000003,4.4095580000000005,82.98996285000106,74138.05777498164,88500.0,4100.0,93500.0,91500.0,91900.0,92400.0,13.6837833618,11.130726,0.929487,336.396978,13.0887077,17.772305199999998,117.61393972000026,74128.86123648578,88400.0,4000.0,93800.0,91400.0,91700.0,92600.0
1,14,100,100,0,0,2,10,2,7,7,DistributionScheme.HASH,12g,12g,12g,12g,12g,12g,12g,12g,100,0:00:10,0:00:15,0:00:05,0:00:15,0:00:20,0:00:05,KeyValueStore,-1,1,0.5,16,0,UniformReadWriteWorkload,1,1.0,16,0,UniformReadWriteWorkload,1,0.0,16,0,UniformReadWriteWorkload,linearizable,False,True,0:00:00.200000,1,info,"size,1,10s",False,False,info,0:01:00,1,0:00:00.001000,0:01:00,0:02:00,0:04:00,info,1,info,info,5000,False,100,0:02:00,0:04:00,False,info,1,True,info,0:02:00,0:00:01,0:00:01,0:00:01,0:00:01,False,False,1,1,info,5.926222404481381,1.7288715,0.394649,689.53785,4.109196,6.36663725,123.62222640000023,77569.03650528658,90800.0,5800.0,96000.0,93700.0,93900.0,95000.0,16.935854572959343,12.896213,1.073075,691.124752,15.463774400000014,24.53121480000001,158.48787108000002,77680.24786039791,90700.0,5100.0,95500.0,93800.0,94000.0,94700.0
1,16,100,100,0,0,2,10,2,7,7,DistributionScheme.HASH,12g,12g,12g,12g,12g,12g,12g,12g,100,0:00:10,0:00:15,0:00:05,0:00:15,0:00:20,0:00:05,KeyValueStore,-1,1,0.5,16,0,UniformReadWriteWorkload,1,1.0,16,0,UniformReadWriteWorkload,1,0.0,16,0,UniformReadWriteWorkload,linearizable,False,True,0:00:00.200000,1,info,"size,1,10s",False,False,info,0:01:00,1,0:00:00.001000,0:01:00,0:02:00,0:04:00,info,1,info,info,5000,False,100,0:02:00,0:04:00,False,info,1,True,info,0:02:00,0:00:01,0:00:01,0:00:01,0:00:01,False,False,1,1,info,5.779982448119391,1.767388,0.34421,641.457911,4.458099999999998,7.633591199999985,116.9003820000001,75614.00476795931,90800.0,4800.0,96200.0,93800.0,94000.0,95400.0,18.451112165440808,14.955339,0.587752,720.877272,17.9901336,27.94804719999995,150.22800156000034,75704.2045743329,91100.0,5200.0,96400.0,93800.0,94400.0,95300.0
1,1,1,1,0,0,2,5,5,7,7,DistributionScheme.HASH,12g,12g,12g,12g,12g,12g,12g,12g,10,0:00:10,0:00:15,0:00:05,0:00:15,0:00:20,0:00:05,KeyValueStore,-1,1,1.0,16,0,UniformReadWriteWorkload,1,1.0,16,0,UniformReadWriteWorkload,1,0.0,16,0,UniformReadWriteWorkload,linearizable,False,True,0:00:00.200000,1,info,"size,1,10s",False,False,info,0:01:00,1,0:00:00.000500,0:01:00,0:02:00,0:04:00,info,1,info,info,5000,False,100,0:02:00,0:04:00,False,info,1,True,info,0:02:00,0:00:01,0:00:01,0:00:01,0:00:01,False,False,1,1,info,1.05711434066714,1.058151,0.419081,2.135646,1.3403364,1.4225521999999997,1.558065400000002,945.4632297194845,950.0,890.0,990.0,970.0,980.0,980.0,-1.0,-1.0,-1.0,-1.0,-1.0,-1.0,-1.0,-1.0,-1.0,-1.0,-1.0,-1.0,-1.0,-1.0
1,1,10,10,0,0,2,5,5,7,7,DistributionScheme.HASH,12g,12g,12g,12g,12g,12g,12g,12g,10,0:00:10,0:00:15,0:00:05,0:00:15,0:00:20,0:00:05,KeyValueStore,-1,1,1.0,16,0,UniformReadWriteWorkload,1,1.0,16,0,UniformReadWriteWorkload,1,0.0,16,0,UniformReadWriteWorkload,linearizable,False,True,0:00:00.200000,1,info,"size,1,10s",False,False,info,0:01:00,1,0:00:00.000500,0:01:00,0:02:00,0:04:00,info,1,info,info,5000,False,100,0:02:00,0:04:00,False,info,1,True,info,0:02:00,0:00:01,0:00:01,0:00:01,0:00:01,False,False,1,1,info,1.0690023022454982,1.065079,0.322629,9.579047,1.3533788,1.4334357,1.6051220799999997,9320.429631897145,9320.0,8720.0,9580.0,9450.0,9500.0,9540.0,-1.0,-1.0,-1.0,-1.0,-1.0,-1.0,-1.0,-1.0,-1.0,-1.0,-1.0,-1.0,-1.0,-1.0
1,1,100,100,0,0,2,5,5,7,7,DistributionScheme.HASH,12g,12g,12g,12g,12g,12g,12g,12g,10,0:00:10,0:00:15,0:00:05,0:00:15,0:00:20,0:00:05,KeyValueStore,-1,1,1.0,16,0,UniformReadWriteWorkload,1,1.0,16,0,UniformReadWriteWorkload,1,0.0,16,0,UniformReadWriteWorkload,linearizable,False,True,0:00:00.200000,1,info,"size,1,10s",False,False,info,0:01:00,1,0:00:00.000500,0:01:00,0:02:00,0:04:00,info,1,info,info,5000,False,100,0:02:00,0:04:00,False,info,1,True,info,0:02:00,0:00:01,0:00:01,0:00:01,0:00:01,False,False,1,1,info,3.2377243809470553,3.210999,1.44858,13.301398,3.8781492,4.1281292,4.79046852,30027.47980636894,30400.0,25620.0,31180.0,30950.0,31010.0,31080.0,-1.0,-1.0,-1.0,-1.0,-1.0,-1.0,-1.0,-1.0,-1.0,-1.0,-1.0,-1.0,-1.0,-1.0
1,5,100,100,0,0,2,5,5,7,7,DistributionScheme.HASH,12g,12g,12g,12g,12g,12g,12g,12g,100,0:00:10,0:00:15,0:00:05,0:00:15,0:00:20,0:00:05,KeyValueStore,-1,1,1.0,16,0,UniformReadWriteWorkload,1,1.0,16,0,UniformReadWriteWorkload,1,0.0,16,0,UniformReadWriteWorkload,linearizable,False,True,0:00:00.200000,1,info,"size,1,10s",False,False,info,0:01:00,1,0:00:00.000500,0:01:00,0:02:00,0:04:00,info,1,info,info,5000,False,100,0:02:00,0:04:00,False,info,1,True,info,0:02:00,0:00:01,0:00:01,0:00:01,0:00:01,False,False,1,1,info,3.1230465554505225,3.077844,1.821079,16.927385,3.3497288,3.5936259999999987,4.276685479999996,136579.35584597843,152300.0,31500.0,159600.0,157700.0,158200.0,159136.0,-1.0,-1.0,-1.0,-1.0,-1.0,-1.0,-1.0,-1.0,-1.0,-1.0,-1.0,-1.0,-1.0,-1.0
1,10,100,100,0,0,2,5,5,7,7,DistributionScheme.HASH,12g,12g,12g,12g,12g,12g,12g,12g,100,0:00:10,0:00:15,0:00:05,0:00:15,0:00:20,0:00:05,KeyValueStore,-1,1,1.0,16,0,UniformReadWriteWorkload,1,1.0,16,0,UniformReadWriteWorkload,1,0.0,16,0,UniformReadWriteWorkload,linearizable,False,True,0:00:00.200000,1,info,"size,1,10s",False,False,info,0:01:00,1,0:00:00.000500,0:01:00,0:02:00,0:04:00,info,1,info,info,5000,False,100,0:02:00,0:04:00,False,info,1,True,info,0:02:00,0:00:01,0:00:01,0:00:01,0:00:01,False,False,1,1,info,3.2731505814099546,3.105037,1.00884,72.360009,3.4072204,3.7734118000000008,5.3341598800000005,236526.73877729458,259500.0,112200.0,315900.0,312100.0,314200.0,315100.0,-1.0,-1.0,-1.0,-1.0,-1.0,-1.0,-1.0,-1.0,-1.0,-1.0,-1.0,-1.0,-1.0,-1.0
1,15,100,100,0,0,2,5,5,7,7,DistributionScheme.HASH,12g,12g,12g,12g,12g,12g,12g,12g,100,0:00:10,0:00:15,0:00:05,0:00:15,0:00:20,0:00:05,KeyValueStore,-1,1,1.0,16,0,UniformReadWriteWorkload,1,1.0,16,0,UniformReadWriteWorkload,1,0.0,16,0,UniformReadWriteWorkload,linearizable,False,True,0:00:00.200000,1,info,"size,1,10s",False,False,info,0:01:00,1,0:00:00.000500,0:01:00,0:02:00,0:04:00,info,1,info,info,5000,False,100,0:02:00,0:04:00,False,info,1,True,info,0:02:00,0:00:01,0:00:01,0:00:01,0:00:01,False,False,1,1,info,3.268133928136927,3.127234,1.027288,70.612227,3.4864661999999997,3.8254823999999994,5.353160159999957,371671.2244691608,423241.5,124241.0,482300.0,474300.0,478700.0,480900.0,-1.0,-1.0,-1.0,-1.0,-1.0,-1.0,-1.0,-1.0,-1.0,-1.0,-1.0,-1.0,-1.0,-1.0
1,20,100,100,0,0,2,5,5,7,7,DistributionScheme.HASH,12g,12g,12g,12g,12g,12g,12g,12g,100,0:00:10,0:00:15,0:00:05,0:00:15,0:00:20,0:00:05,KeyValueStore,-1,1,1.0,16,0,UniformReadWriteWorkload,1,1.0,16,0,UniformReadWriteWorkload,1,0.0,16,0,UniformReadWriteWorkload,linearizable,False,True,0:00:00.200000,1,info,"size,1,10s",False,False,info,0:01:00,1,0:00:00.000500,0:01:00,0:02:00,0:04:00,info,1,info,info,5000,False,100,0:02:00,0:04:00,False,info,1,True,info,0:02:00,0:00:01,0:00:01,0:00:01,0:00:01,False,False,1,1,info,3.575197357312138,3.139065,0.959776,164.58645,3.558801,3.985816,7.763324599999953,458713.11488916824,466700.0,124841.0,630900.0,623800.0,624900.0,628800.0,-1.0,-1.0,-1.0,-1.0,-1.0,-1.0,-1.0,-1.0,-1.0,-1.0,-1.0,-1.0,-1.0,-1.0
1,28,100,100,0,0,2,5,5,7,7,DistributionScheme.HASH,12g,12g,12g,12g,12g,12g,12g,12g,100,0:00:10,0:00:15,0:00:05,0:00:15,0:00:20,0:00:05,KeyValueStore,-1,1,1.0,16,0,UniformReadWriteWorkload,1,1.0,16,0,UniformReadWriteWorkload,1,0.0,16,0,UniformReadWriteWorkload,linearizable,False,True,0:00:00.200000,1,info,"size,1,10s",False,False,info,0:01:00,1,0:00:00.000500,0:01:00,0:02:00,0:04:00,info,1,info,info,5000,False,100,0:02:00,0:04:00,False,info,1,True,info,0:02:00,0:00:01,0:00:01,0:00:01,0:00:01,False,False,1,1,info,4.004628090328801,3.3908129999999996,1.026394,242.811207,4.288036,4.725759249999999,7.280802280000018,632364.0327316299,722083.0,62285.0,782400.0,772600.0,775400.0,779100.0,-1.0,-1.0,-1.0,-1.0,-1.0,-1.0,-1.0,-1.0,-1.0,-1.0,-1.0,-1.0,-1.0,-1.0
1,28,150,150,0,0,2,5,5,7,7,DistributionScheme.HASH,12g,12g,12g,12g,12g,12g,12g,12g,100,0:00:10,0:00:15,0:00:05,0:00:15,0:00:20,0:00:05,KeyValueStore,-1,1,1.0,16,0,UniformReadWriteWorkload,1,1.0,16,0,UniformReadWriteWorkload,1,0.0,16,0,UniformReadWriteWorkload,linearizable,False,True,0:00:00.200000,1,info,"size,1,10s",False,False,info,0:01:00,1,0:00:00.000500,0:01:00,0:02:00,0:04:00,info,1,info,info,5000,False,100,0:02:00,0:04:00,False,info,1,True,info,0:02:00,0:00:01,0:00:01,0:00:01,0:00:01,False,False,1,1,info,5.700560425765034,4.8433585,1.011275,216.717141,6.134148099999999,6.721806349999995,10.835198729999991,729269.3391375374,795300.0,114600.0,882000.0,858400.0,869400.0,877900.0,-1.0,-1.0,-1.0,-1.0,-1.0,-1.0,-1.0,-1.0,-1.0,-1.0,-1.0,-1.0,-1.0,-1.0
1,28,200,200,0,0,2,5,5,7,7,DistributionScheme.HASH,12g,12g,12g,12g,12g,12g,12g,12g,100,0:00:10,0:00:15,0:00:05,0:00:15,0:00:20,0:00:05,KeyValueStore,-1,1,1.0,16,0,UniformReadWriteWorkload,1,1.0,16,0,UniformReadWriteWorkload,1,0.0,16,0,UniformReadWriteWorkload,linearizable,False,True,0:00:00.200000,1,info,"size,1,10s",False,False,info,0:01:00,1,0:00:00.000500,0:01:00,0:02:00,0:04:00,info,1,info,info,5000,False,100,0:02:00,0:04:00,False,info,1,True,info,0:02:00,0:00:01,0:00:01,0:00:01,0:00:01,False,False,1,1,info,6.971625536099776,6.120064,1.046885,257.674475,7.634083000000001,8.4137807,12.281903819999986,779177.4595746889,877200.0,175000.0,906300.0,897600.0,899900.0,902600.0,-1.0,-1.0,-1.0,-1.0,-1.0,-1.0,-1.0,-1.0,-1.0,-1.0,-1.0,-1.0,-1.0,-1.0
1,1,1,1,0,0,2,5,5,7,7,DistributionScheme.HASH,12g,12g,12g,12g,12g,12g,12g,12g,10,0:00:10,0:00:15,0:00:05,0:00:15,0:00:20,0:00:05,KeyValueStore,-1,1,1.0,16,0,UniformReadWriteWorkload,1,1.0,16,0,UniformReadWriteWorkload,1,0.0,16,0,UniformReadWriteWorkload,linearizable,False,True,0:00:00.200000,1,info,"size,1,10s",False,False,info,0:01:00,1,0:00:00.000500,0:01:00,0:02:00,0:04:00,info,1,info,info,5000,False,100,0:02:00,0:04:00,False,info,1,True,info,0:02:00,0:00:01,0:00:01,0:00:01,0:00:01,False,False,1,1,info,1.0567801368794325,1.0613305,0.367637,2.036051,1.3442454000000001,1.4184098,1.5361433199999999,945.5610310841547,940.0,890.0,1020.0,990.0,1000.0,1010.0,-1.0,-1.0,-1.0,-1.0,-1.0,-1.0,-1.0,-1.0,-1.0,-1.0,-1.0,-1.0,-1.0,-1.0
1,1,10,10,0,0,2,5,5,7,7,DistributionScheme.HASH,12g,12g,12g,12g,12g,12g,12g,12g,10,0:00:10,0:00:15,0:00:05,0:00:15,0:00:20,0:00:05,KeyValueStore,-1,1,1.0,16,0,UniformReadWriteWorkload,1,1.0,16,0,UniformReadWriteWorkload,1,0.0,16,0,UniformReadWriteWorkload,linearizable,False,True,0:00:00.200000,1,info,"size,1,10s",False,False,info,0:01:00,1,0:00:00.000500,0:01:00,0:02:00,0:04:00,info,1,info,info,5000,False,100,0:02:00,0:04:00,False,info,1,True,info,0:02:00,0:00:01,0:00:01,0:00:01,0:00:01,False,False,1,1,info,1.067826159180457,1.063168,0.2998,6.062501,1.3464336,1.4315215999999997,1.5980874200000001,9332.3397509359,9320.0,8700.0,9570.0,9490.0,9520.0,9540.0,-1.0,-1.0,-1.0,-1.0,-1.0,-1.0,-1.0,-1.0,-1.0,-1.0,-1.0,-1.0,-1.0,-1.0
1,1,100,100,0,0,2,5,5,7,7,DistributionScheme.HASH,12g,12g,12g,12g,12g,12g,12g,12g,10,0:00:10,0:00:15,0:00:05,0:00:15,0:00:20,0:00:05,KeyValueStore,-1,1,1.0,16,0,UniformReadWriteWorkload,1,1.0,16,0,UniformReadWriteWorkload,1,0.0,16,0,UniformReadWriteWorkload,linearizable,False,True,0:00:00.200000,1,info,"size,1,10s",False,False,info,0:01:00,1,0:00:00.000500,0:01:00,0:02:00,0:04:00,info,1,info,info,5000,False,100,0:02:00,0:04:00,False,info,1,True,info,0:02:00,0:00:01,0:00:01,0:00:01,0:00:01,False,False,1,1,info,3.228414115009703,3.195194,1.440469,13.884827,3.89638,4.169001,5.0496380999999975,30298.612209438834,30580.0,22340.0,32240.0,31900.0,32080.0,32160.0,-1.0,-1.0,-1.0,-1.0,-1.0,-1.0,-1.0,-1.0,-1.0,-1.0,-1.0,-1.0,-1.0,-1.0
1,5,100,100,0,0,2,5,5,7,7,DistributionScheme.HASH,12g,12g,12g,12g,12g,12g,12g,12g,100,0:00:10,0:00:15,0:00:05,0:00:15,0:00:20,0:00:05,KeyValueStore,-1,1,1.0,16,0,UniformReadWriteWorkload,1,1.0,16,0,UniformReadWriteWorkload,1,0.0,16,0,UniformReadWriteWorkload,linearizable,False,True,0:00:00.200000,1,info,"size,1,10s",False,False,info,0:01:00,1,0:00:00.000500,0:01:00,0:02:00,0:04:00,info,1,info,info,5000,False,100,0:02:00,0:04:00,False,info,1,True,info,0:02:00,0:00:01,0:00:01,0:00:01,0:00:01,False,False,1,1,info,3.164894253190649,3.125599,1.913663,10.431934,3.421094,3.652969,4.331862,152684.4856206435,152800.0,113800.0,158200.0,156600.0,157200.0,157900.0,-1.0,-1.0,-1.0,-1.0,-1.0,-1.0,-1.0,-1.0,-1.0,-1.0,-1.0,-1.0,-1.0,-1.0
1,10,100,100,0,0,2,5,5,7,7,DistributionScheme.HASH,12g,12g,12g,12g,12g,12g,12g,12g,100,0:00:10,0:00:15,0:00:05,0:00:15,0:00:20,0:00:05,KeyValueStore,-1,1,1.0,16,0,UniformReadWriteWorkload,1,1.0,16,0,UniformReadWriteWorkload,1,0.0,16,0,UniformReadWriteWorkload,linearizable,False,True,0:00:00.200000,1,info,"size,1,10s",False,False,info,0:01:00,1,0:00:00.000500,0:01:00,0:02:00,0:04:00,info,1,info,info,5000,False,100,0:02:00,0:04:00,False,info,1,True,info,0:02:00,0:00:01,0:00:01,0:00:01,0:00:01,False,False,1,1,info,3.2894496938080633,3.113727,0.985599,73.710814,3.4468452000000003,3.7886763,5.24271118,295667.17073802126,305600.0,185600.0,313800.0,312600.0,312800.0,313200.0,-1.0,-1.0,-1.0,-1.0,-1.0,-1.0,-1.0,-1.0,-1.0,-1.0,-1.0,-1.0,-1.0,-1.0
1,15,100,100,0,0,2,5,5,7,7,DistributionScheme.HASH,12g,12g,12g,12g,12g,12g,12g,12g,100,0:00:10,0:00:15,0:00:05,0:00:15,0:00:20,0:00:05,KeyValueStore,-1,1,1.0,16,0,UniformReadWriteWorkload,1,1.0,16,0,UniformReadWriteWorkload,1,0.0,16,0,UniformReadWriteWorkload,linearizable,False,True,0:00:00.200000,1,info,"size,1,10s",False,False,info,0:01:00,1,0:00:00.000500,0:01:00,0:02:00,0:04:00,info,1,info,info,5000,False,100,0:02:00,0:04:00,False,info,1,True,info,0:02:00,0:00:01,0:00:01,0:00:01,0:00:01,False,False,1,1,info,3.2891514177745833,3.1323145,1.055216,74.916561,3.4709741000000003,3.8237249999999996,5.446693939999992,441812.6645861978,460400.0,206300.0,473300.0,469300.0,471800.0,472600.0,-1.0,-1.0,-1.0,-1.0,-1.0,-1.0,-1.0,-1.0,-1.0,-1.0,-1.0,-1.0,-1.0,-1.0
1,20,100,100,0,0,2,5,5,7,7,DistributionScheme.HASH,12g,12g,12g,12g,12g,12g,12g,12g,100,0:00:10,0:00:15,0:00:05,0:00:15,0:00:20,0:00:05,KeyValueStore,-1,1,1.0,16,0,UniformReadWriteWorkload,1,1.0,16,0,UniformReadWriteWorkload,1,0.0,16,0,UniformReadWriteWorkload,linearizable,False,True,0:00:00.200000,1,info,"size,1,10s",False,False,info,0:01:00,1,0:00:00.000500,0:01:00,0:02:00,0:04:00,info,1,info,info,5000,False,100,0:02:00,0:04:00,False,info,1,True,info,0:02:00,0:00:01,0:00:01,0:00:01,0:00:01,False,False,1,1,info,3.659368305974323,3.171924,0.919127,154.848681,3.642219,4.117473,8.481613399999947,545160.3114336319,605600.0,150900.0,631300.0,623200.0,624700.0,630200.0,-1.0,-1.0,-1.0,-1.0,-1.0,-1.0,-1.0,-1.0,-1.0,-1.0,-1.0,-1.0,-1.0,-1.0
1,28,100,100,0,0,2,5,5,7,7,DistributionScheme.HASH,12g,12g,12g,12g,12g,12g,12g,12g,100,0:00:10,0:00:15,0:00:05,0:00:15,0:00:20,0:00:05,KeyValueStore,-1,1,1.0,16,0,UniformReadWriteWorkload,1,1.0,16,0,UniformReadWriteWorkload,1,0.0,16,0,UniformReadWriteWorkload,linearizable,False,True,0:00:00.200000,1,info,"size,1,10s",False,False,info,0:01:00,1,0:00:00.000500,0:01:00,0:02:00,0:04:00,info,1,info,info,5000,False,100,0:02:00,0:04:00,False,info,1,True,info,0:02:00,0:00:01,0:00:01,0:00:01,0:00:01,False,False,1,1,info,4.352191030562476,3.503983,1.011941,218.963038,4.4395279000000025,4.84579965,9.388721829999993,659479.6389646648,755500.0,136400.0,799500.0,787800.0,791600.0,795700.0,-1.0,-1.0,-1.0,-1.0,-1.0,-1.0,-1.0,-1.0,-1.0,-1.0,-1.0,-1.0,-1.0,-1.0
1,28,150,150,0,0,2,5,5,7,7,DistributionScheme.HASH,12g,12g,12g,12g,12g,12g,12g,12g,100,0:00:10,0:00:15,0:00:05,0:00:15,0:00:20,0:00:05,KeyValueStore,-1,1,1.0,16,0,UniformReadWriteWorkload,1,1.0,16,0,UniformReadWriteWorkload,1,0.0,16,0,UniformReadWriteWorkload,linearizable,False,True,0:00:00.200000,1,info,"size,1,10s",False,False,info,0:01:00,1,0:00:00.000500,0:01:00,0:02:00,0:04:00,info,1,info,info,5000,False,100,0:02:00,0:04:00,False,info,1,True,info,0:02:00,0:00:01,0:00:01,0:00:01,0:00:01,False,False,1,1,info,5.567337356788739,4.782818,1.016874,255.51626,6.1073836,6.647719399999999,10.736642879999994,739933.7654410696,811700.0,144900.0,880100.0,868200.0,872200.0,878100.0,-1.0,-1.0,-1.0,-1.0,-1.0,-1.0,-1.0,-1.0,-1.0,-1.0,-1.0,-1.0,-1.0,-1.0
1,28,200,200,0,0,2,5,5,7,7,DistributionScheme.HASH,12g,12g,12g,12g,12g,12g,12g,12g,100,0:00:10,0:00:15,0:00:05,0:00:15,0:00:20,0:00:05,KeyValueStore,-1,1,1.0,16,0,UniformReadWriteWorkload,1,1.0,16,0,UniformReadWriteWorkload,1,0.0,16,0,UniformReadWriteWorkload,linearizable,False,True,0:00:00.200000,1,info,"size,1,10s",False,False,info,0:01:00,1,0:00:00.000500,0:01:00,0:02:00,0:04:00,info,1,info,info,5000,False,100,0:02:00,0:04:00,False,info,1,True,info,0:02:00,0:00:01,0:00:01,0:00:01,0:00:01,False,False,1,1,info,7.121231870685761,6.187636,1.026157,241.604482,7.864747299999999,8.572789799999999,12.84458233999997,761329.1324098505,851382.0,137800.0,913800.0,894300.0,900571.0,910600.0,-1.0,-1.0,-1.0,-1.0,-1.0,-1.0,-1.0,-1.0,-1.0,-1.0,-1.0,-1.0,-1.0,-1.0
1,1,1,1,0,0,2,5,5,7,7,DistributionScheme.HASH,12g,12g,12g,12g,12g,12g,12g,12g,10,0:00:10,0:00:15,0:00:05,0:00:15,0:00:20,0:00:05,KeyValueStore,-1,1,1.0,16,0,UniformReadWriteWorkload,1,1.0,16,0,UniformReadWriteWorkload,1,0.0,16,0,UniformReadWriteWorkload,linearizable,False,True,0:00:00.200000,1,info,"size,1,10s",False,False,info,0:01:00,1,0:00:00.000500,0:01:00,0:02:00,0:04:00,info,1,info,info,5000,False,100,0:02:00,0:04:00,False,info,1,True,info,0:02:00,0:00:01,0:00:01,0:00:01,0:00:01,False,False,1,1,info,1.06097020042796,1.061988,0.447359,1.925501,1.3336628,1.4135906,1.56832328,940.5087719298245,940.0,900.0,990.0,960.0,980.0,980.0,-1.0,-1.0,-1.0,-1.0,-1.0,-1.0,-1.0,-1.0,-1.0,-1.0,-1.0,-1.0,-1.0,-1.0
1,1,10,10,0,0,2,5,5,7,7,DistributionScheme.HASH,12g,12g,12g,12g,12g,12g,12g,12g,10,0:00:10,0:00:15,0:00:05,0:00:15,0:00:20,0:00:05,KeyValueStore,-1,1,1.0,16,0,UniformReadWriteWorkload,1,1.0,16,0,UniformReadWriteWorkload,1,0.0,16,0,UniformReadWriteWorkload,linearizable,False,True,0:00:00.200000,1,info,"size,1,10s",False,False,info,0:01:00,1,0:00:00.000500,0:01:00,0:02:00,0:04:00,info,1,info,info,5000,False,100,0:02:00,0:04:00,False,info,1,True,info,0:02:00,0:00:01,0:00:01,0:00:01,0:00:01,False,False,1,1,info,1.0700296083991385,1.064273,0.328677,8.837541,1.3545036,1.4307151,1.5848135799999996,9320.832644628099,9340.0,8620.0,9570.0,9440.0,9460.0,9530.0,-1.0,-1.0,-1.0,-1.0,-1.0,-1.0,-1.0,-1.0,-1.0,-1.0,-1.0,-1.0,-1.0,-1.0
1,1,100,100,0,0,2,5,5,7,7,DistributionScheme.HASH,12g,12g,12g,12g,12g,12g,12g,12g,10,0:00:10,0:00:15,0:00:05,0:00:15,0:00:20,0:00:05,KeyValueStore,-1,1,1.0,16,0,UniformReadWriteWorkload,1,1.0,16,0,UniformReadWriteWorkload,1,0.0,16,0,UniformReadWriteWorkload,linearizable,False,True,0:00:00.200000,1,info,"size,1,10s",False,False,info,0:01:00,1,0:00:00.000500,0:01:00,0:02:00,0:04:00,info,1,info,info,5000,False,100,0:02:00,0:04:00,False,info,1,True,info,0:02:00,0:00:01,0:00:01,0:00:01,0:00:01,False,False,1,1,info,3.216796936810185,3.189604,1.518346,17.570235,3.8663230000000004,4.1253994,4.774395479999998,30132.60339560986,30300.0,26160.0,31600.0,30920.0,31010.0,31430.0,-1.0,-1.0,-1.0,-1.0,-1.0,-1.0,-1.0,-1.0,-1.0,-1.0,-1.0,-1.0,-1.0,-1.0
1,5,100,100,0,0,2,5,5,7,7,DistributionScheme.HASH,12g,12g,12g,12g,12g,12g,12g,12g,100,0:00:10,0:00:15,0:00:05,0:00:15,0:00:20,0:00:05,KeyValueStore,-1,1,1.0,16,0,UniformReadWriteWorkload,1,1.0,16,0,UniformReadWriteWorkload,1,0.0,16,0,UniformReadWriteWorkload,linearizable,False,True,0:00:00.200000,1,info,"size,1,10s",False,False,info,0:01:00,1,0:00:00.000500,0:01:00,0:02:00,0:04:00,info,1,info,info,5000,False,100,0:02:00,0:04:00,False,info,1,True,info,0:02:00,0:00:01,0:00:01,0:00:01,0:00:01,False,False,1,1,info,3.1824603005982266,3.132313,1.906887,11.952409,3.432388,3.642186,4.40091,153181.19440495298,154000.0,109600.0,158700.0,156600.0,157700.0,158300.0,-1.0,-1.0,-1.0,-1.0,-1.0,-1.0,-1.0,-1.0,-1.0,-1.0,-1.0,-1.0,-1.0,-1.0
1,10,100,100,0,0,2,5,5,7,7,DistributionScheme.HASH,12g,12g,12g,12g,12g,12g,12g,12g,100,0:00:10,0:00:15,0:00:05,0:00:15,0:00:20,0:00:05,KeyValueStore,-1,1,1.0,16,0,UniformReadWriteWorkload,1,1.0,16,0,UniformReadWriteWorkload,1,0.0,16,0,UniformReadWriteWorkload,linearizable,False,True,0:00:00.200000,1,info,"size,1,10s",False,False,info,0:01:00,1,0:00:00.000500,0:01:00,0:02:00,0:04:00,info,1,info,info,5000,False,100,0:02:00,0:04:00,False,info,1,True,info,0:02:00,0:00:01,0:00:01,0:00:01,0:00:01,False,False,1,1,info,3.2647484385342005,3.074959,0.989475,78.407001,3.39114,3.74805,5.2566818,299530.5905092162,311100.0,147300.0,325300.0,321700.0,322400.0,324600.0,-1.0,-1.0,-1.0,-1.0,-1.0,-1.0,-1.0,-1.0,-1.0,-1.0,-1.0,-1.0,-1.0,-1.0
1,15,100,100,0,0,2,5,5,7,7,DistributionScheme.HASH,12g,12g,12g,12g,12g,12g,12g,12g,100,0:00:10,0:00:15,0:00:05,0:00:15,0:00:20,0:00:05,KeyValueStore,-1,1,1.0,16,0,UniformReadWriteWorkload,1,1.0,16,0,UniformReadWriteWorkload,1,0.0,16,0,UniformReadWriteWorkload,linearizable,False,True,0:00:00.200000,1,info,"size,1,10s",False,False,info,0:01:00,1,0:00:00.000500,0:01:00,0:02:00,0:04:00,info,1,info,info,5000,False,100,0:02:00,0:04:00,False,info,1,True,info,0:02:00,0:00:01,0:00:01,0:00:01,0:00:01,False,False,1,1,info,3.3238788216885333,3.145558,1.050824,65.458022,3.499897,3.873121,5.581181599999972,436910.02760134503,460400.0,184500.0,471100.0,468900.0,469800.0,470400.0,-1.0,-1.0,-1.0,-1.0,-1.0,-1.0,-1.0,-1.0,-1.0,-1.0,-1.0,-1.0,-1.0,-1.0
1,20,100,100,0,0,2,5,5,7,7,DistributionScheme.HASH,12g,12g,12g,12g,12g,12g,12g,12g,100,0:00:10,0:00:15,0:00:05,0:00:15,0:00:20,0:00:05,KeyValueStore,-1,1,1.0,16,0,UniformReadWriteWorkload,1,1.0,16,0,UniformReadWriteWorkload,1,0.0,16,0,UniformReadWriteWorkload,linearizable,False,True,0:00:00.200000,1,info,"size,1,10s",False,False,info,0:01:00,1,0:00:00.000500,0:01:00,0:02:00,0:04:00,info,1,info,info,5000,False,100,0:02:00,0:04:00,False,info,1,True,info,0:02:00,0:00:01,0:00:01,0:00:01,0:00:01,False,False,1,1,info,3.709662783872999,3.1807495,1.019401,166.543466,3.7288601000000003,4.197536,9.296835569999995,538762.2518282126,603000.0,194200.0,623400.0,620800.0,621300.0,621900.0,-1.0,-1.0,-1.0,-1.0,-1.0,-1.0,-1.0,-1.0,-1.0,-1.0,-1.0,-1.0,-1.0,-1.0
1,28,100,100,0,0,2,5,5,7,7,DistributionScheme.HASH,12g,12g,12g,12g,12g,12g,12g,12g,100,0:00:10,0:00:15,0:00:05,0:00:15,0:00:20,0:00:05,KeyValueStore,-1,1,1.0,16,0,UniformReadWriteWorkload,1,1.0,16,0,UniformReadWriteWorkload,1,0.0,16,0,UniformReadWriteWorkload,linearizable,False,True,0:00:00.200000,1,info,"size,1,10s",False,False,info,0:01:00,1,0:00:00.000500,0:01:00,0:02:00,0:04:00,info,1,info,info,5000,False,100,0:02:00,0:04:00,False,info,1,True,info,0:02:00,0:00:01,0:00:01,0:00:01,0:00:01,False,False,1,1,info,4.471591624651272,3.5201015,0.935384,283.422375,4.430315,4.8507115,11.137084550000086,640011.1791295984,731900.0,169800.0,795400.0,787600.0,789300.0,793200.0,-1.0,-1.0,-1.0,-1.0,-1.0,-1.0,-1.0,-1.0,-1.0,-1.0,-1.0,-1.0,-1.0,-1.0
1,28,150,150,0,0,2,5,5,7,7,DistributionScheme.HASH,12g,12g,12g,12g,12g,12g,12g,12g,100,0:00:10,0:00:15,0:00:05,0:00:15,0:00:20,0:00:05,KeyValueStore,-1,1,1.0,16,0,UniformReadWriteWorkload,1,1.0,16,0,UniformReadWriteWorkload,1,0.0,16,0,UniformReadWriteWorkload,linearizable,False,True,0:00:00.200000,1,info,"size,1,10s",False,False,info,0:01:00,1,0:00:00.000500,0:01:00,0:02:00,0:04:00,info,1,info,info,5000,False,100,0:02:00,0:04:00,False,info,1,True,info,0:02:00,0:00:01,0:00:01,0:00:01,0:00:01,False,False,1,1,info,5.539651660159804,4.8144945,0.949173,238.084946,6.1275900000000005,6.672903399999999,9.668348750000026,742340.2053880843,825900.0,104100.0,874900.0,860100.0,866300.0,871600.0,-1.0,-1.0,-1.0,-1.0,-1.0,-1.0,-1.0,-1.0,-1.0,-1.0,-1.0,-1.0,-1.0,-1.0
1,28,200,200,0,0,2,5,5,7,7,DistributionScheme.HASH,12g,12g,12g,12g,12g,12g,12g,12g,100,0:00:10,0:00:15,0:00:05,0:00:15,0:00:20,0:00:05,KeyValueStore,-1,1,1.0,16,0,UniformReadWriteWorkload,1,1.0,16,0,UniformReadWriteWorkload,1,0.0,16,0,UniformReadWriteWorkload,linearizable,False,True,0:00:00.200000,1,info,"size,1,10s",False,False,info,0:01:00,1,0:00:00.000500,0:01:00,0:02:00,0:04:00,info,1,info,info,5000,False,100,0:02:00,0:04:00,False,info,1,True,info,0:02:00,0:00:01,0:00:01,0:00:01,0:00:01,False,False,1,1,info,7.091934858279966,6.178237,1.057142,235.449065,7.7218394,8.4389289,11.64439848000001,771637.2726199223,867900.0,138300.0,901044.0,885300.0,889000.0,895100.0,-1.0,-1.0,-1.0,-1.0,-1.0,-1.0,-1.0,-1.0,-1.0,-1.0,-1.0,-1.0,-1.0,-1.0
