f,num_client_procs,num_warmup_clients_per_proc,num_clients_per_proc,num_batchers,num_read_batchers,num_leaders,num_proxy_leaders,num_acceptor_groups,num_acceptors_per_group,num_replicas,num_proxy_replicas,flexible,distribution_scheme,client_jvm_heap_size,batcher_jvm_heap_size,read_batcher_jvm_heap_size,leader_jvm_heap_size,proxy_leader_jvm_heap_size,acceptor_jvm_heap_size,replica_jvm_heap_size,proxy_replica_jvm_heap_size,measurement_group_size,warmup_duration,warmup_timeout,warmup_sleep,duration,timeout,client_lag,state_machine,predetermined_read_fraction,workload_label,workload.num_keys,workload.num_operations,workload.read_fraction,workload.write_size_mean,workload.write_size_std,workload.name,read_workload.num_keys,read_workload.num_operations,read_workload.read_fraction,read_workload.write_size_mean,read_workload.write_size_std,read_workload.name,write_workload.num_keys,write_workload.num_operations,write_workload.read_fraction,write_workload.write_size_mean,write_workload.write_size_std,write_workload.name,read_consistency,profiled,monitored,prometheus_scrape_interval,batcher_options.batch_size,batcher_log_level,read_batcher_options.read_batching_scheme,read_batcher_options.unsafe_read_at_first_slot,read_batcher_options.unsafe_read_at_i,read_batcher_log_level,leader_options.resend_phase1as_period,leader_options.flush_phase2as_every_n,leader_options.noop_flush_period,leader_options.election_options.ping_period,leader_options.election_options.no_ping_timeout_min,leader_options.election_options.no_ping_timeout_max,leader_log_level,proxy_leader_options.flush_phase2as_every_n,proxy_leader_log_level,acceptor_log_level,replica_options.log_grow_size,replica_options.unsafe_dont_use_client_table,replica_options.send_chosen_watermark_every_n_entries,replica_options.recover_log_entry_min_period,replica_options.recover_log_entry_max_period,replica_options.unsafe_dont_recover,replica_log_level,proxy_replica_options.flush_every_n,proxy_replica_options.batch_flush,proxy_replica_log_level,client_options.resend_client_request_period,client_options.resend_max_slot_requests_period,client_options.resend_read_request_period,client_options.resend_sequential_read_request_period,client_options.resend_eventual_read_request_period,client_options.unsafe_read_at_first_slot,client_options.unsafe_read_at_i,client_options.flush_writes_every_n,client_options.flush_reads_every_n,client_log_level,read_output.latency.mean_ms,read_output.latency.median_ms,read_output.latency.min_ms,read_output.latency.max_ms,read_output.latency.p90_ms,read_output.latency.p95_ms,read_output.latency.p99_ms,read_output.start_throughput_1s.mean,read_output.start_throughput_1s.median,read_output.start_throughput_1s.min,read_output.start_throughput_1s.max,read_output.start_throughput_1s.p90,read_output.start_throughput_1s.p95,read_output.start_throughput_1s.p99,write_output.latency.mean_ms,write_output.latency.median_ms,write_output.latency.min_ms,write_output.latency.max_ms,write_output.latency.p90_ms,write_output.latency.p95_ms,write_output.latency.p99_ms,write_output.start_throughput_1s.mean,write_output.start_throughput_1s.median,write_output.start_throughput_1s.min,write_output.start_throughput_1s.max,write_output.start_throughput_1s.p90,write_output.start_throughput_1s.p95,write_output.start_throughput_1s.p99
1,15,100,100,0,0,2,2,2,2,2,0,True,DistributionScheme.HASH,8g,12g,12g,12g,12g,12g,12g,12g,100,0:00:10,0:00:15,0:00:05,0:00:15,0:00:20,0:00:05,KeyValueStore,-1,batched_read_scale_v1,50,50,1.0,16,0,UniformMultiKeyReadWriteWorkload,50,50,1.0,16,0,UniformMultiKeyReadWriteWorkload,50,50,0.0,16,0,UniformMultiKeyReadWriteWorkload,linearizable,False,True,0:00:00.200000,1,info,"size,1,10s",False,False,info,0:00:01,1,0:00:00,0:01:00,0:02:00,0:04:00,info,1,info,info,5000,False,100,0:00:02,0:00:05,False,info,1,False,info,0:00:01,0:00:01,0:00:01,0:00:01,0:00:01,False,False,1,1,info,9.874737012878787,9.563226499999999,0.924503,45.495607,13.871429500000001,16.5421695,22.81950528999999,116005.3453768256,127700.0,14800.0,133400.0,132200.0,132400.0,132800.0,-1.0,-1.0,-1.0,-1.0,-1.0,-1.0,-1.0,-1.0,-1.0,-1.0,-1.0,-1.0,-1.0,-1.0
1,20,100,100,0,0,2,2,3,2,3,0,True,DistributionScheme.HASH,8g,12g,12g,12g,12g,12g,12g,12g,100,0:00:10,0:00:15,0:00:05,0:00:15,0:00:20,0:00:05,KeyValueStore,-1,batched_read_scale_v1,50,50,1.0,16,0,UniformMultiKeyReadWriteWorkload,50,50,1.0,16,0,UniformMultiKeyReadWriteWorkload,50,50,0.0,16,0,UniformMultiKeyReadWriteWorkload,linearizable,False,True,0:00:00.200000,1,info,"size,1,10s",False,False,info,0:00:01,1,0:00:00,0:01:00,0:02:00,0:04:00,info,1,info,info,5000,False,100,0:00:02,0:00:05,False,info,1,False,info,0:00:01,0:00:01,0:00:01,0:00:01,0:00:01,False,False,1,1,info,8.474677418681921,7.057359,0.632258,61.42576,14.340735900000002,17.117881999999994,22.269093469999998,158123.94678531232,175400.0,31574.0,185800.0,182100.0,183600.0,184600.0,-1.0,-1.0,-1.0,-1.0,-1.0,-1.0,-1.0,-1.0,-1.0,-1.0,-1.0,-1.0,-1.0,-1.0
1,25,100,100,0,0,2,2,4,2,4,0,True,DistributionScheme.HASH,8g,12g,12g,12g,12g,12g,12g,12g,100,0:00:10,0:00:15,0:00:05,0:00:15,0:00:20,0:00:05,KeyValueStore,-1,batched_read_scale_v1,50,50,1.0,16,0,UniformMultiKeyReadWriteWorkload,50,50,1.0,16,0,UniformMultiKeyReadWriteWorkload,50,50,0.0,16,0,UniformMultiKeyReadWriteWorkload,linearizable,False,True,0:00:00.200000,1,info,"size,1,10s",False,False,info,0:00:01,1,0:00:00,0:01:00,0:02:00,0:04:00,info,1,info,info,5000,False,100,0:00:02,0:00:05,False,info,1,False,info,0:00:01,0:00:01,0:00:01,0:00:01,0:00:01,False,False,1,1,info,7.50291728181676,6.686783999999999,0.574377,39.106186,10.9567035,12.1709405,15.41536775,205384.52688513318,221700.0,39443.0,248200.0,245400.0,245900.0,247100.0,-1.0,-1.0,-1.0,-1.0,-1.0,-1.0,-1.0,-1.0,-1.0,-1.0,-1.0,-1.0,-1.0,-1.0
1,30,100,100,0,0,2,2,5,2,5,0,True,DistributionScheme.HASH,8g,12g,12g,12g,12g,12g,12g,12g,100,0:00:10,0:00:15,0:00:05,0:00:15,0:00:20,0:00:05,KeyValueStore,-1,batched_read_scale_v1,50,50,1.0,16,0,UniformMultiKeyReadWriteWorkload,50,50,1.0,16,0,UniformMultiKeyReadWriteWorkload,50,50,0.0,16,0,UniformMultiKeyReadWriteWorkload,linearizable,False,True,0:00:00.200000,1,info,"size,1,10s",False,False,info,0:00:01,1,0:00:00,0:01:00,0:02:00,0:04:00,info,1,info,info,5000,False,100,0:00:02,0:00:05,False,info,1,False,info,0:00:01,0:00:01,0:00:01,0:00:01,0:00:01,False,False,1,1,info,7.437379820293185,6.727852,0.264603,45.003229,10.304363800000006,11.755092899999996,15.981253520000003,262110.34122379005,283800.0,33200.0,307800.0,303900.0,305300.0,306700.0,-1.0,-1.0,-1.0,-1.0,-1.0,-1.0,-1.0,-1.0,-1.0,-1.0,-1.0,-1.0,-1.0,-1.0
1,35,100,100,0,0,2,2,6,2,6,0,True,DistributionScheme.HASH,8g,12g,12g,12g,12g,12g,12g,12g,100,0:00:10,0:00:15,0:00:05,0:00:15,0:00:20,0:00:05,KeyValueStore,-1,batched_read_scale_v1,50,50,1.0,16,0,UniformMultiKeyReadWriteWorkload,50,50,1.0,16,0,UniformMultiKeyReadWriteWorkload,50,50,0.0,16,0,UniformMultiKeyReadWriteWorkload,linearizable,False,True,0:00:00.200000,1,info,"size,1,10s",False,False,info,0:00:01,1,0:00:00,0:01:00,0:02:00,0:04:00,info,1,info,info,5000,False,100,0:00:02,0:00:05,False,info,1,False,info,0:00:01,0:00:01,0:00:01,0:00:01,0:00:01,False,False,1,1,info,7.893254272195611,7.171158500000001,0.529411,60.436842,11.1713321,12.823325199999998,17.679458229999995,311124.57967832143,345600.0,27300.0,356700.0,352300.0,353600.0,355400.0,-1.0,-1.0,-1.0,-1.0,-1.0,-1.0,-1.0,-1.0,-1.0,-1.0,-1.0,-1.0,-1.0,-1.0
1,10,100,100,0,0,2,6,2,2,2,0,True,DistributionScheme.HASH,8g,12g,12g,12g,12g,12g,12g,12g,100,0:00:10,0:00:15,0:00:05,0:00:15,0:00:20,0:00:05,KeyValueStore,-1,batched_read_scale_v1,50,50,0.9,16,0,UniformMultiKeyReadWriteWorkload,50,50,1.0,16,0,UniformMultiKeyReadWriteWorkload,50,50,0.0,16,0,UniformMultiKeyReadWriteWorkload,linearizable,False,True,0:00:00.200000,1,info,"size,1,10s",False,False,info,0:00:01,1,0:00:00,0:01:00,0:02:00,0:04:00,info,1,info,info,5000,False,100,0:00:02,0:00:05,False,info,1,False,info,0:00:01,0:00:01,0:00:01,0:00:01,0:00:01,False,False,1,1,info,14.76881048207845,14.0236955,0.905176,185.944732,17.857387000000003,20.638551249999992,32.77530955999997,58388.13147034548,60100.0,39100.0,62400.0,61300.0,61500.0,61800.0,13.848769071717172,13.744244,3.405699,60.121698,14.9911322,16.058424449999997,26.47437021,6539.148619957537,6700.0,3951.0,7372.0,7000.0,7100.0,7200.0
1,10,100,100,0,0,2,6,3,2,3,0,True,DistributionScheme.HASH,8g,12g,12g,12g,12g,12g,12g,12g,100,0:00:10,0:00:15,0:00:05,0:00:15,0:00:20,0:00:05,KeyValueStore,-1,batched_read_scale_v1,50,50,0.9,16,0,UniformMultiKeyReadWriteWorkload,50,50,1.0,16,0,UniformMultiKeyReadWriteWorkload,50,50,0.0,16,0,UniformMultiKeyReadWriteWorkload,linearizable,False,True,0:00:00.200000,1,info,"size,1,10s",False,False,info,0:00:01,1,0:00:00,0:01:00,0:02:00,0:04:00,info,1,info,info,5000,False,100,0:00:02,0:00:05,False,info,1,False,info,0:00:01,0:00:01,0:00:01,0:00:01,0:00:01,False,False,1,1,info,10.810748154769541,9.38986,0.881786,179.629393,13.3228164,17.5514188,56.44625731999976,74138.90033444816,80900.0,34221.0,85500.0,84300.0,84600.0,84900.0,10.109571011494252,9.284644,2.721278,89.866718,12.150185699999998,20.712727749999974,29.520957279999976,8295.06008583691,9000.0,3533.0,9900.0,9500.0,9600.0,9735.999999999989
1,15,100,100,0,0,2,6,4,2,4,0,True,DistributionScheme.HASH,8g,12g,12g,12g,12g,12g,12g,12g,100,0:00:10,0:00:15,0:00:05,0:00:15,0:00:20,0:00:05,KeyValueStore,-1,batched_read_scale_v1,50,50,0.9,16,0,UniformMultiKeyReadWriteWorkload,50,50,1.0,16,0,UniformMultiKeyReadWriteWorkload,50,50,0.0,16,0,UniformMultiKeyReadWriteWorkload,linearizable,False,True,0:00:00.200000,1,info,"size,1,10s",False,False,info,0:00:01,1,0:00:00,0:01:00,0:02:00,0:04:00,info,1,info,info,5000,False,100,0:00:02,0:00:05,False,info,1,False,info,0:00:01,0:00:01,0:00:01,0:00:01,0:00:01,False,False,1,1,info,14.880756394162804,12.334271,0.802416,171.407069,17.681483399999994,28.83076479999994,86.88201168000003,90142.34374258835,101500.0,26679.0,104800.0,103300.0,103600.0,104100.0,13.726331158180585,11.965473,2.125676,59.67698,21.083705799999997,27.605585799999997,39.63077104,10083.00779588944,11200.0,2556.0,11900.0,11600.0,11700.0,11800.0
1,15,100,100,0,0,2,6,5,2,5,0,True,DistributionScheme.HASH,8g,12g,12g,12g,12g,12g,12g,12g,100,0:00:10,0:00:15,0:00:05,0:00:15,0:00:20,0:00:05,KeyValueStore,-1,batched_read_scale_v1,50,50,0.9,16,0,UniformMultiKeyReadWriteWorkload,50,50,1.0,16,0,UniformMultiKeyReadWriteWorkload,50,50,0.0,16,0,UniformMultiKeyReadWriteWorkload,linearizable,False,True,0:00:00.200000,1,info,"size,1,10s",False,False,info,0:00:01,1,0:00:00,0:01:00,0:02:00,0:04:00,info,1,info,info,5000,False,100,0:00:02,0:00:05,False,info,1,False,info,0:00:01,0:00:01,0:00:01,0:00:01,0:00:01,False,False,1,1,info,12.718375654313446,10.128733,0.388507,181.898355,16.502082600000012,25.29332899999999,81.76200980000019,100652.1486609967,109900.0,38300.0,123900.0,121100.0,122800.0,123300.0,11.495222221007893,9.85503,1.922762,57.464933,17.6845364,24.8209628,42.05529373999998,11270.492744479496,12400.0,4400.0,14200.0,13400.0,13600.0,13900.0
1,15,100,100,0,0,2,6,6,2,6,0,True,DistributionScheme.HASH,8g,12g,12g,12g,12g,12g,12g,12g,100,0:00:10,0:00:15,0:00:05,0:00:15,0:00:20,0:00:05,KeyValueStore,-1,batched_read_scale_v1,50,50,0.9,16,0,UniformMultiKeyReadWriteWorkload,50,50,1.0,16,0,UniformMultiKeyReadWriteWorkload,50,50,0.0,16,0,UniformMultiKeyReadWriteWorkload,linearizable,False,True,0:00:00.200000,1,info,"size,1,10s",False,False,info,0:00:01,1,0:00:00,0:01:00,0:02:00,0:04:00,info,1,info,info,5000,False,100,0:00:02,0:00:05,False,info,1,False,info,0:00:01,0:00:01,0:00:01,0:00:01,0:00:01,False,False,1,1,info,10.089973065507778,8.042518,0.214841,199.176035,12.168118,16.768745899999953,67.21635457999999,112886.91891551865,122900.0,32652.0,136100.0,134400.0,134800.0,135400.0,9.26342937732749,7.63058,0.793068,107.440319,13.8346785,22.36515,35.24374475,12598.569160997733,13700.0,3745.0,15400.0,15000.0,15200.0,15300.0
1,10,100,100,0,0,2,6,2,2,2,0,True,DistributionScheme.HASH,8g,12g,12g,12g,12g,12g,12g,12g,100,0:00:10,0:00:15,0:00:05,0:00:15,0:00:20,0:00:05,KeyValueStore,-1,batched_read_scale_v1,50,50,0.6,16,0,UniformMultiKeyReadWriteWorkload,50,50,1.0,16,0,UniformMultiKeyReadWriteWorkload,50,50,0.0,16,0,UniformMultiKeyReadWriteWorkload,linearizable,False,True,0:00:00.200000,1,info,"size,1,10s",False,False,info,0:00:01,1,0:00:00,0:01:00,0:02:00,0:04:00,info,1,info,info,5000,False,100,0:00:02,0:00:05,False,info,1,False,info,0:00:01,0:00:01,0:00:01,0:00:01,0:00:01,False,False,1,1,info,22.38469362573529,18.5865495,1.880991,199.748393,27.8553803,40.800205149999975,119.26064976000004,27179.22943161173,30300.0,8000.0,32500.0,31800.0,32000.0,32200.0,20.077094587348288,17.56972,0.798041,128.992246,20.657474600000008,29.34248219999997,96.04099016,18110.34333593141,20100.0,5000.0,21900.0,21200.0,21400.0,21600.0
1,10,100,100,0,0,2,6,3,2,3,0,True,DistributionScheme.HASH,8g,12g,12g,12g,12g,12g,12g,12g,100,0:00:10,0:00:15,0:00:05,0:00:15,0:00:20,0:00:05,KeyValueStore,-1,batched_read_scale_v1,50,50,0.6,16,0,UniformMultiKeyReadWriteWorkload,50,50,1.0,16,0,UniformMultiKeyReadWriteWorkload,50,50,0.0,16,0,UniformMultiKeyReadWriteWorkload,linearizable,False,True,0:00:00.200000,1,info,"size,1,10s",False,False,info,0:00:01,1,0:00:00,0:01:00,0:02:00,0:04:00,info,1,info,info,5000,False,100,0:00:02,0:00:05,False,info,1,False,info,0:00:01,0:00:01,0:00:01,0:00:01,0:00:01,False,False,1,1,info,20.406879064211946,15.7729225,0.942552,203.924661,25.82997120000001,44.9910168,138.1736857100003,30931.741866028708,35600.0,6400.0,38100.0,37400.0,37500.0,37800.0,18.082835716347766,14.315155,0.845417,204.231937,18.353841200000005,44.79418819999997,107.51749187999991,20696.945617173526,23900.0,4300.0,25500.0,24900.0,25100.0,25300.0
1,10,100,100,0,0,2,6,4,2,4,0,True,DistributionScheme.HASH,8g,12g,12g,12g,12g,12g,12g,12g,100,0:00:10,0:00:15,0:00:05,0:00:15,0:00:20,0:00:05,KeyValueStore,-1,batched_read_scale_v1,50,50,0.6,16,0,UniformMultiKeyReadWriteWorkload,50,50,1.0,16,0,UniformMultiKeyReadWriteWorkload,50,50,0.0,16,0,UniformMultiKeyReadWriteWorkload,linearizable,False,True,0:00:00.200000,1,info,"size,1,10s",False,False,info,0:00:01,1,0:00:00,0:01:00,0:02:00,0:04:00,info,1,info,info,5000,False,100,0:00:02,0:00:05,False,info,1,False,info,0:00:01,0:00:01,0:00:01,0:00:01,0:00:01,False,False,1,1,info,17.994589230895983,13.156784,0.712193,197.27944,24.278476200000007,41.76367480000001,141.05026526,33811.94958163484,39900.0,9200.0,44400.0,42400.0,43300.0,43800.0,16.15458848747294,12.236499,0.832516,141.804511,17.542619600000002,38.2537239999998,116.41244499999989,22514.047741935483,26600.0,6100.0,29100.0,28100.0,28500.0,28900.0
1,10,100,100,0,0,2,6,5,2,5,0,True,DistributionScheme.HASH,8g,12g,12g,12g,12g,12g,12g,12g,100,0:00:10,0:00:15,0:00:05,0:00:15,0:00:20,0:00:05,KeyValueStore,-1,batched_read_scale_v1,50,50,0.6,16,0,UniformMultiKeyReadWriteWorkload,50,50,1.0,16,0,UniformMultiKeyReadWriteWorkload,50,50,0.0,16,0,UniformMultiKeyReadWriteWorkload,linearizable,False,True,0:00:00.200000,1,info,"size,1,10s",False,False,info,0:00:01,1,0:00:00,0:01:00,0:02:00,0:04:00,info,1,info,info,5000,False,100,0:00:02,0:00:05,False,info,1,False,info,0:00:01,0:00:01,0:00:01,0:00:01,0:00:01,False,False,1,1,info,17.753123979562343,12.201261500000001,0.362874,317.125685,21.564080999999995,48.476670099999914,156.1496860499998,36427.14189189189,42450.0,4300.0,46400.0,45500.0,45700.0,46000.0,16.200793125503562,11.196096,0.720426,240.756615,18.038730200000007,48.68608549999995,129.2404282399999,24292.26832460733,28000.0,3000.0,31100.0,30500.0,30600.0,30800.0
1,10,100,100,0,0,2,6,6,2,6,0,True,DistributionScheme.HASH,8g,12g,12g,12g,12g,12g,12g,12g,100,0:00:10,0:00:15,0:00:05,0:00:15,0:00:20,0:00:05,KeyValueStore,-1,batched_read_scale_v1,50,50,0.6,16,0,UniformMultiKeyReadWriteWorkload,50,50,1.0,16,0,UniformMultiKeyReadWriteWorkload,50,50,0.0,16,0,UniformMultiKeyReadWriteWorkload,linearizable,False,True,0:00:00.200000,1,info,"size,1,10s",False,False,info,0:00:01,1,0:00:00,0:01:00,0:02:00,0:04:00,info,1,info,info,5000,False,100,0:00:02,0:00:05,False,info,1,False,info,0:00:01,0:00:01,0:00:01,0:00:01,0:00:01,False,False,1,1,info,17.845922347592477,11.640011,0.468516,306.624938,22.38776799999998,51.363758399999945,154.65869113999983,36314.994173500214,40100.0,3500.0,50100.0,47869.99999999998,49200.0,49800.0,16.350026814975248,10.3841415,2.45159,304.586378,20.786988700000002,52.70162754999996,127.45178191000005,24248.4941822883,26600.0,2300.0,33200.0,32000.0,32700.0,33000.0
1,5,100,100,0,0,2,6,2,2,2,0,True,DistributionScheme.HASH,8g,12g,12g,12g,12g,12g,12g,12g,100,0:00:10,0:00:15,0:00:05,0:00:15,0:00:20,0:00:05,KeyValueStore,-1,batched_read_scale_v1,50,50,0.0,16,0,UniformMultiKeyReadWriteWorkload,50,50,1.0,16,0,UniformMultiKeyReadWriteWorkload,50,50,0.0,16,0,UniformMultiKeyReadWriteWorkload,linearizable,False,True,0:00:00.200000,1,info,"size,1,10s",False,False,info,0:00:01,1,0:00:00,0:01:00,0:02:00,0:04:00,info,1,info,info,5000,False,100,0:00:02,0:00:05,False,info,1,False,info,0:00:01,0:00:01,0:00:01,0:00:01,0:00:01,False,False,1,1,info,-1.0,-1.0,-1.0,-1.0,-1.0,-1.0,-1.0,-1.0,-1.0,-1.0,-1.0,-1.0,-1.0,-1.0,15.337126539530642,12.005713,0.735049,339.44465,15.505473000000006,21.119609799999996,130.09663843999977,30324.215570279222,31100.0,8700.0,39500.0,38300.0,38700.0,39000.0
1,5,100,100,0,0,2,6,3,2,3,0,True,DistributionScheme.HASH,8g,12g,12g,12g,12g,12g,12g,12g,100,0:00:10,0:00:15,0:00:05,0:00:15,0:00:20,0:00:05,KeyValueStore,-1,batched_read_scale_v1,50,50,0.0,16,0,UniformMultiKeyReadWriteWorkload,50,50,1.0,16,0,UniformMultiKeyReadWriteWorkload,50,50,0.0,16,0,UniformMultiKeyReadWriteWorkload,linearizable,False,True,0:00:00.200000,1,info,"size,1,10s",False,False,info,0:00:01,1,0:00:00,0:01:00,0:02:00,0:04:00,info,1,info,info,5000,False,100,0:00:02,0:00:05,False,info,1,False,info,0:00:01,0:00:01,0:00:01,0:00:01,0:00:01,False,False,1,1,info,-1.0,-1.0,-1.0,-1.0,-1.0,-1.0,-1.0,-1.0,-1.0,-1.0,-1.0,-1.0,-1.0,-1.0,15.943784086956521,11.742853499999999,0.39346,338.035413,15.818282700000001,25.102894199999916,135.4399601199998,29998.262350936966,31300.0,5100.0,40900.0,38100.0,38600.0,40192.00000000001
1,5,100,100,0,0,2,6,4,2,4,0,True,DistributionScheme.HASH,8g,12g,12g,12g,12g,12g,12g,12g,100,0:00:10,0:00:15,0:00:05,0:00:15,0:00:20,0:00:05,KeyValueStore,-1,batched_read_scale_v1,50,50,0.0,16,0,UniformMultiKeyReadWriteWorkload,50,50,1.0,16,0,UniformMultiKeyReadWriteWorkload,50,50,0.0,16,0,UniformMultiKeyReadWriteWorkload,linearizable,False,True,0:00:00.200000,1,info,"size,1,10s",False,False,info,0:00:01,1,0:00:00,0:01:00,0:02:00,0:04:00,info,1,info,info,5000,False,100,0:00:02,0:00:05,False,info,1,False,info,0:00:01,0:00:01,0:00:01,0:00:01,0:00:01,False,False,1,1,info,-1.0,-1.0,-1.0,-1.0,-1.0,-1.0,-1.0,-1.0,-1.0,-1.0,-1.0,-1.0,-1.0,-1.0,15.728863796347667,11.390408,3.456437,339.827027,16.024797999999997,28.63878475,133.71447125,30756.343779904306,31900.0,7400.0,42400.0,40000.0,40500.0,41500.0
1,5,100,100,0,0,2,6,5,2,5,0,True,DistributionScheme.HASH,8g,12g,12g,12g,12g,12g,12g,12g,100,0:00:10,0:00:15,0:00:05,0:00:15,0:00:20,0:00:05,KeyValueStore,-1,batched_read_scale_v1,50,50,0.0,16,0,UniformMultiKeyReadWriteWorkload,50,50,1.0,16,0,UniformMultiKeyReadWriteWorkload,50,50,0.0,16,0,UniformMultiKeyReadWriteWorkload,linearizable,False,True,0:00:00.200000,1,info,"size,1,10s",False,False,info,0:00:01,1,0:00:00,0:01:00,0:02:00,0:04:00,info,1,info,info,5000,False,100,0:00:02,0:00:05,False,info,1,False,info,0:00:01,0:00:01,0:00:01,0:00:01,0:00:01,False,False,1,1,info,-1.0,-1.0,-1.0,-1.0,-1.0,-1.0,-1.0,-1.0,-1.0,-1.0,-1.0,-1.0,-1.0,-1.0,14.842837488273396,10.565611,1.473026,344.389047,14.6919526,24.992338199999974,154.9453076399996,32678.39398148148,34050.0,2400.0,43500.0,41100.0,42100.0,43200.0
1,5,100,100,0,0,2,6,6,2,6,0,True,DistributionScheme.HASH,8g,12g,12g,12g,12g,12g,12g,12g,100,0:00:10,0:00:15,0:00:05,0:00:15,0:00:20,0:00:05,KeyValueStore,-1,batched_read_scale_v1,50,50,0.0,16,0,UniformMultiKeyReadWriteWorkload,50,50,1.0,16,0,UniformMultiKeyReadWriteWorkload,50,50,0.0,16,0,UniformMultiKeyReadWriteWorkload,linearizable,False,True,0:00:00.200000,1,info,"size,1,10s",False,False,info,0:00:01,1,0:00:00,0:01:00,0:02:00,0:04:00,info,1,info,info,5000,False,100,0:00:02,0:00:05,False,info,1,False,info,0:00:01,0:00:01,0:00:01,0:00:01,0:00:01,False,False,1,1,info,-1.0,-1.0,-1.0,-1.0,-1.0,-1.0,-1.0,-1.0,-1.0,-1.0,-1.0,-1.0,-1.0,-1.0,17.73833897973151,10.941572,0.497667,341.887249,16.984263400000003,44.1592195999999,221.32627961999992,30749.52737020316,33400.0,2300.0,42700.0,40300.0,41384.999999999985,42400.0
1,15,100,100,0,0,2,2,2,2,2,0,True,DistributionScheme.HASH,8g,12g,12g,12g,12g,12g,12g,12g,100,0:00:10,0:00:15,0:00:05,0:00:15,0:00:20,0:00:05,KeyValueStore,-1,batched_read_scale_v1,50,50,1.0,16,0,UniformMultiKeyReadWriteWorkload,50,50,1.0,16,0,UniformMultiKeyReadWriteWorkload,50,50,0.0,16,0,UniformMultiKeyReadWriteWorkload,linearizable,False,True,0:00:00.200000,1,info,"size,1,10s",False,False,info,0:00:01,1,0:00:00,0:01:00,0:02:00,0:04:00,info,1,info,info,5000,False,100,0:00:02,0:00:05,False,info,1,False,info,0:00:01,0:00:01,0:00:01,0:00:01,0:00:01,False,False,1,1,info,10.185295791502432,9.902689,0.288653,41.252165,13.3460062,14.630522299999999,20.046449959999997,128312.5567988969,130100.0,67900.0,132900.0,131700.0,131900.0,132300.0,-1.0,-1.0,-1.0,-1.0,-1.0,-1.0,-1.0,-1.0,-1.0,-1.0,-1.0,-1.0,-1.0,-1.0
1,20,100,100,0,0,2,2,3,2,3,0,True,DistributionScheme.HASH,8g,12g,12g,12g,12g,12g,12g,12g,100,0:00:10,0:00:15,0:00:05,0:00:15,0:00:20,0:00:05,KeyValueStore,-1,batched_read_scale_v1,50,50,1.0,16,0,UniformMultiKeyReadWriteWorkload,50,50,1.0,16,0,UniformMultiKeyReadWriteWorkload,50,50,0.0,16,0,UniformMultiKeyReadWriteWorkload,linearizable,False,True,0:00:00.200000,1,info,"size,1,10s",False,False,info,0:00:01,1,0:00:00,0:01:00,0:02:00,0:04:00,info,1,info,info,5000,False,100,0:00:02,0:00:05,False,info,1,False,info,0:00:01,0:00:01,0:00:01,0:00:01,0:00:01,False,False,1,1,info,8.972079946814405,8.344167500000001,0.455168,48.238965,14.038981500000006,15.9027725,20.44543982999999,172560.93249286897,182700.0,23295.0,196500.0,190300.0,193900.0,195500.0,-1.0,-1.0,-1.0,-1.0,-1.0,-1.0,-1.0,-1.0,-1.0,-1.0,-1.0,-1.0,-1.0,-1.0
1,25,100,100,0,0,2,2,4,2,4,0,True,DistributionScheme.HASH,8g,12g,12g,12g,12g,12g,12g,12g,100,0:00:10,0:00:15,0:00:05,0:00:15,0:00:20,0:00:05,KeyValueStore,-1,batched_read_scale_v1,50,50,1.0,16,0,UniformMultiKeyReadWriteWorkload,50,50,1.0,16,0,UniformMultiKeyReadWriteWorkload,50,50,0.0,16,0,UniformMultiKeyReadWriteWorkload,linearizable,False,True,0:00:00.200000,1,info,"size,1,10s",False,False,info,0:00:01,1,0:00:00,0:01:00,0:02:00,0:04:00,info,1,info,info,5000,False,100,0:00:02,0:00:05,False,info,1,False,info,0:00:01,0:00:01,0:00:01,0:00:01,0:00:01,False,False,1,1,info,8.310820149955191,7.4305805,0.206567,55.347236,13.054702600000002,15.416560950000001,19.800583629999988,222833.39438917415,239700.0,32722.0,250500.0,246000.0,247100.0,249200.0,-1.0,-1.0,-1.0,-1.0,-1.0,-1.0,-1.0,-1.0,-1.0,-1.0,-1.0,-1.0,-1.0,-1.0
1,30,100,100,0,0,2,2,5,2,5,0,True,DistributionScheme.HASH,8g,12g,12g,12g,12g,12g,12g,12g,100,0:00:10,0:00:15,0:00:05,0:00:15,0:00:20,0:00:05,KeyValueStore,-1,batched_read_scale_v1,50,50,1.0,16,0,UniformMultiKeyReadWriteWorkload,50,50,1.0,16,0,UniformMultiKeyReadWriteWorkload,50,50,0.0,16,0,UniformMultiKeyReadWriteWorkload,linearizable,False,True,0:00:00.200000,1,info,"size,1,10s",False,False,info,0:00:01,1,0:00:00,0:01:00,0:02:00,0:04:00,info,1,info,info,5000,False,100,0:00:02,0:00:05,False,info,1,False,info,0:00:01,0:00:01,0:00:01,0:00:01,0:00:01,False,False,1,1,info,8.407183226951148,7.4666825,0.519873,64.312994,12.669368500000001,14.86388075,20.86002779999998,277752.67144962033,294200.0,12547.0,304700.0,300700.0,302500.0,303300.0,-1.0,-1.0,-1.0,-1.0,-1.0,-1.0,-1.0,-1.0,-1.0,-1.0,-1.0,-1.0,-1.0,-1.0
1,35,100,100,0,0,2,2,6,2,6,0,True,DistributionScheme.HASH,8g,12g,12g,12g,12g,12g,12g,12g,100,0:00:10,0:00:15,0:00:05,0:00:15,0:00:20,0:00:05,KeyValueStore,-1,batched_read_scale_v1,50,50,1.0,16,0,UniformMultiKeyReadWriteWorkload,50,50,1.0,16,0,UniformMultiKeyReadWriteWorkload,50,50,0.0,16,0,UniformMultiKeyReadWriteWorkload,linearizable,False,True,0:00:00.200000,1,info,"size,1,10s",False,False,info,0:00:01,1,0:00:00,0:01:00,0:02:00,0:04:00,info,1,info,info,5000,False,100,0:00:02,0:00:05,False,info,1,False,info,0:00:01,0:00:01,0:00:01,0:00:01,0:00:01,False,False,1,1,info,7.823327043973883,7.4999044999999995,0.22353,40.713539,10.455635999999998,11.684874449999999,15.270412750000002,322758.878583411,351800.0,30718.0,371300.0,360600.0,365600.0,369500.0,-1.0,-1.0,-1.0,-1.0,-1.0,-1.0,-1.0,-1.0,-1.0,-1.0,-1.0,-1.0,-1.0,-1.0
1,10,100,100,0,0,2,6,2,2,2,0,True,DistributionScheme.HASH,8g,12g,12g,12g,12g,12g,12g,12g,100,0:00:10,0:00:15,0:00:05,0:00:15,0:00:20,0:00:05,KeyValueStore,-1,batched_read_scale_v1,50,50,0.9,16,0,UniformMultiKeyReadWriteWorkload,50,50,1.0,16,0,UniformMultiKeyReadWriteWorkload,50,50,0.0,16,0,UniformMultiKeyReadWriteWorkload,linearizable,False,True,0:00:00.200000,1,info,"size,1,10s",False,False,info,0:00:01,1,0:00:00,0:01:00,0:02:00,0:04:00,info,1,info,info,5000,False,100,0:00:02,0:00:05,False,info,1,False,info,0:00:01,0:00:01,0:00:01,0:00:01,0:00:01,False,False,1,1,info,15.354893213436876,14.029152,0.379163,159.303638,18.4547706,24.391944899999995,59.258420320000056,56322.93495336279,59600.0,35100.0,63000.0,61700.0,62000.0,62400.0,14.438604582278481,13.861421499999999,1.974689,41.99465,17.029453200000017,22.9064866,31.701585489999992,6301.525442477876,6600.0,4300.0,7300.0,7000.0,7000.0,7197.000000000003
1,10,100,100,0,0,2,6,3,2,3,0,True,DistributionScheme.HASH,8g,12g,12g,12g,12g,12g,12g,12g,100,0:00:10,0:00:15,0:00:05,0:00:15,0:00:20,0:00:05,KeyValueStore,-1,batched_read_scale_v1,50,50,0.9,16,0,UniformMultiKeyReadWriteWorkload,50,50,1.0,16,0,UniformMultiKeyReadWriteWorkload,50,50,0.0,16,0,UniformMultiKeyReadWriteWorkload,linearizable,False,True,0:00:00.200000,1,info,"size,1,10s",False,False,info,0:00:01,1,0:00:00,0:01:00,0:02:00,0:04:00,info,1,info,info,5000,False,100,0:00:02,0:00:05,False,info,1,False,info,0:00:01,0:00:01,0:00:01,0:00:01,0:00:01,False,False,1,1,info,11.139117496023403,9.757179,0.233223,157.734052,13.403029400000005,16.857755600000004,58.9875177000001,73323.3185031577,78100.0,24833.0,86200.0,84400.0,85100.0,85700.0,10.438372954918034,9.731367500000001,2.312535,46.678458,11.9706235,18.59751834999999,33.66869488999999,8208.256366723259,8800.0,2558.0,9800.0,9400.0,9500.0,9700.0
1,15,100,100,0,0,2,6,4,2,4,0,True,DistributionScheme.HASH,8g,12g,12g,12g,12g,12g,12g,12g,100,0:00:10,0:00:15,0:00:05,0:00:15,0:00:20,0:00:05,KeyValueStore,-1,batched_read_scale_v1,50,50,0.9,16,0,UniformMultiKeyReadWriteWorkload,50,50,1.0,16,0,UniformMultiKeyReadWriteWorkload,50,50,0.0,16,0,UniformMultiKeyReadWriteWorkload,linearizable,False,True,0:00:00.200000,1,info,"size,1,10s",False,False,info,0:00:01,1,0:00:00,0:01:00,0:02:00,0:04:00,info,1,info,info,5000,False,100,0:00:02,0:00:05,False,info,1,False,info,0:00:01,0:00:01,0:00:01,0:00:01,0:00:01,False,False,1,1,info,14.8315015502905,12.382267,0.367476,161.751137,18.9438886,28.817236199999996,82.31388871999978,89569.9559713814,99100.0,42400.0,102600.0,101200.0,101400.0,101881.99999999997,13.733921745967745,12.2043315,0.714543,54.129823,19.9683888,27.40538184999997,39.765720849999816,10066.554539057002,11100.0,4700.0,12000.0,11500.0,11600.0,11700.0
1,15,100,100,0,0,2,6,5,2,5,0,True,DistributionScheme.HASH,8g,12g,12g,12g,12g,12g,12g,12g,100,0:00:10,0:00:15,0:00:05,0:00:15,0:00:20,0:00:05,KeyValueStore,-1,batched_read_scale_v1,50,50,0.9,16,0,UniformMultiKeyReadWriteWorkload,50,50,1.0,16,0,UniformMultiKeyReadWriteWorkload,50,50,0.0,16,0,UniformMultiKeyReadWriteWorkload,linearizable,False,True,0:00:00.200000,1,info,"size,1,10s",False,False,info,0:00:01,1,0:00:00,0:01:00,0:02:00,0:04:00,info,1,info,info,5000,False,100,0:00:02,0:00:05,False,info,1,False,info,0:00:01,0:00:01,0:00:01,0:00:01,0:00:01,False,False,1,1,info,12.573013403833176,10.059906999999999,0.21684,214.416192,14.6392645,22.522914499999988,86.20811923,102220.0922465486,116300.0,43180.0,123400.0,121000.0,121600.0,122500.0,11.642987122965643,9.845035,1.699667,144.726404,17.867278,27.391546399999996,41.924251280000036,11452.674171357097,13000.0,4315.0,14100.0,13600.0,13700.0,13900.0
1,15,100,100,0,0,2,6,6,2,6,0,True,DistributionScheme.HASH,8g,12g,12g,12g,12g,12g,12g,12g,100,0:00:10,0:00:15,0:00:05,0:00:15,0:00:20,0:00:05,KeyValueStore,-1,batched_read_scale_v1,50,50,0.9,16,0,UniformMultiKeyReadWriteWorkload,50,50,1.0,16,0,UniformMultiKeyReadWriteWorkload,50,50,0.0,16,0,UniformMultiKeyReadWriteWorkload,linearizable,False,True,0:00:00.200000,1,info,"size,1,10s",False,False,info,0:00:01,1,0:00:00,0:01:00,0:02:00,0:04:00,info,1,info,info,5000,False,100,0:00:02,0:00:05,False,info,1,False,info,0:00:01,0:00:01,0:00:01,0:00:01,0:00:01,False,False,1,1,info,9.396601888002879,7.298087,1.631737,160.85701,10.582290200000001,13.038053799999995,72.7754332000002,115420.71020483712,127600.0,22264.0,136600.0,134500.0,135300.0,135900.0,8.705194416666666,6.712911999999999,2.093766,158.125182,9.961567900000004,22.8742718,40.609533610000014,12885.599334073251,14200.0,2227.0,15400.0,15000.0,15100.0,15300.0
1,10,100,100,0,0,2,6,2,2,2,0,True,DistributionScheme.HASH,8g,12g,12g,12g,12g,12g,12g,12g,100,0:00:10,0:00:15,0:00:05,0:00:15,0:00:20,0:00:05,KeyValueStore,-1,batched_read_scale_v1,50,50,0.6,16,0,UniformMultiKeyReadWriteWorkload,50,50,1.0,16,0,UniformMultiKeyReadWriteWorkload,50,50,0.0,16,0,UniformMultiKeyReadWriteWorkload,linearizable,False,True,0:00:00.200000,1,info,"size,1,10s",False,False,info,0:00:01,1,0:00:00,0:01:00,0:02:00,0:04:00,info,1,info,info,5000,False,100,0:00:02,0:00:05,False,info,1,False,info,0:00:01,0:00:01,0:00:01,0:00:01,0:00:01,False,False,1,1,info,22.500122603217154,18.352959,0.759543,158.238331,29.46956280000001,47.76069059999999,117.35997008000002,27716.987584066217,29500.0,12500.0,34600.0,33600.0,34000.0,34200.0,20.02564587838828,16.786704,1.277651,125.336146,22.024071199999998,45.26790899999992,90.04436590000009,18474.195804195806,19700.0,8500.0,23100.0,22400.0,22600.0,22800.0
1,10,100,100,0,0,2,6,3,2,3,0,True,DistributionScheme.HASH,8g,12g,12g,12g,12g,12g,12g,12g,100,0:00:10,0:00:15,0:00:05,0:00:15,0:00:20,0:00:05,KeyValueStore,-1,batched_read_scale_v1,50,50,0.6,16,0,UniformMultiKeyReadWriteWorkload,50,50,1.0,16,0,UniformMultiKeyReadWriteWorkload,50,50,0.0,16,0,UniformMultiKeyReadWriteWorkload,linearizable,False,True,0:00:00.200000,1,info,"size,1,10s",False,False,info,0:00:01,1,0:00:00,0:01:00,0:02:00,0:04:00,info,1,info,info,5000,False,100,0:00:02,0:00:05,False,info,1,False,info,0:00:01,0:00:01,0:00:01,0:00:01,0:00:01,False,False,1,1,info,19.193385888770283,15.3719735,0.648872,177.855757,25.404812199999995,38.513643399999935,119.22330384000007,32103.397447380205,35600.0,9900.0,38900.0,37900.0,38200.0,38500.0,17.068777269907258,14.267874,1.050252,144.418248,17.581410200000004,31.093631499999873,99.20360995999997,21461.19469620678,23800.0,6500.0,25800.0,25300.0,25400.0,25600.0
1,10,100,100,0,0,2,6,4,2,4,0,True,DistributionScheme.HASH,8g,12g,12g,12g,12g,12g,12g,12g,100,0:00:10,0:00:15,0:00:05,0:00:15,0:00:20,0:00:05,KeyValueStore,-1,batched_read_scale_v1,50,50,0.6,16,0,UniformMultiKeyReadWriteWorkload,50,50,1.0,16,0,UniformMultiKeyReadWriteWorkload,50,50,0.0,16,0,UniformMultiKeyReadWriteWorkload,linearizable,False,True,0:00:00.200000,1,info,"size,1,10s",False,False,info,0:00:01,1,0:00:00,0:01:00,0:02:00,0:04:00,info,1,info,info,5000,False,100,0:00:02,0:00:05,False,info,1,False,info,0:00:01,0:00:01,0:00:01,0:00:01,0:00:01,False,False,1,1,info,19.403431478515625,13.7511215,0.489947,193.030684,28.10214450000007,59.15102599999996,136.96911299000044,33862.608266360505,39700.0,6700.0,43400.0,42200.0,42400.0,42700.0,17.313442801822323,12.501756,0.475738,150.088334,19.883585200000013,54.32687219999989,119.38791235999933,22534.424242424244,26300.0,4400.0,28800.0,28100.0,28300.0,28600.0
1,10,100,100,0,0,2,6,5,2,5,0,True,DistributionScheme.HASH,8g,12g,12g,12g,12g,12g,12g,12g,100,0:00:10,0:00:15,0:00:05,0:00:15,0:00:20,0:00:05,KeyValueStore,-1,batched_read_scale_v1,50,50,0.6,16,0,UniformMultiKeyReadWriteWorkload,50,50,1.0,16,0,UniformMultiKeyReadWriteWorkload,50,50,0.0,16,0,UniformMultiKeyReadWriteWorkload,linearizable,False,True,0:00:00.200000,1,info,"size,1,10s",False,False,info,0:00:01,1,0:00:00,0:01:00,0:02:00,0:04:00,info,1,info,info,5000,False,100,0:00:02,0:00:05,False,info,1,False,info,0:00:01,0:00:01,0:00:01,0:00:01,0:00:01,False,False,1,1,info,17.967422380981976,11.768518,0.479678,232.689211,26.041503200000015,56.67756349999996,151.5931116599995,35865.33146309883,42150.0,4300.0,48300.0,46000.0,47200.0,47800.0,16.142241183010615,11.113371,0.716779,194.919854,17.853931600000006,54.60631424999995,126.94734074999975,23874.26243902439,28200.0,2900.0,32000.0,30700.0,31300.0,31700.0
1,10,100,100,0,0,2,6,6,2,6,0,True,DistributionScheme.HASH,8g,12g,12g,12g,12g,12g,12g,12g,100,0:00:10,0:00:15,0:00:05,0:00:15,0:00:20,0:00:05,KeyValueStore,-1,batched_read_scale_v1,50,50,0.6,16,0,UniformMultiKeyReadWriteWorkload,50,50,1.0,16,0,UniformMultiKeyReadWriteWorkload,50,50,0.0,16,0,UniformMultiKeyReadWriteWorkload,linearizable,False,True,0:00:00.200000,1,info,"size,1,10s",False,False,info,0:00:01,1,0:00:00,0:01:00,0:02:00,0:04:00,info,1,info,info,5000,False,100,0:00:02,0:00:05,False,info,1,False,info,0:00:01,0:00:01,0:00:01,0:00:01,0:00:01,False,False,1,1,info,18.072681970264085,11.500035,0.486042,303.004185,24.739064799999994,53.23580999999985,167.73953120000007,37676.049689440995,40100.0,4200.0,50400.0,48900.0,49300.0,49800.0,16.428875286070426,10.59112,1.249227,303.648974,17.998509000000002,54.62821939999992,135.01590964000002,25174.486998394863,27000.0,3000.0,34000.0,32700.0,33000.0,33400.0
1,5,100,100,0,0,2,6,2,2,2,0,True,DistributionScheme.HASH,8g,12g,12g,12g,12g,12g,12g,12g,100,0:00:10,0:00:15,0:00:05,0:00:15,0:00:20,0:00:05,KeyValueStore,-1,batched_read_scale_v1,50,50,0.0,16,0,UniformMultiKeyReadWriteWorkload,50,50,1.0,16,0,UniformMultiKeyReadWriteWorkload,50,50,0.0,16,0,UniformMultiKeyReadWriteWorkload,linearizable,False,True,0:00:00.200000,1,info,"size,1,10s",False,False,info,0:00:01,1,0:00:00,0:01:00,0:02:00,0:04:00,info,1,info,info,5000,False,100,0:00:02,0:00:05,False,info,1,False,info,0:00:01,0:00:01,0:00:01,0:00:01,0:00:01,False,False,1,1,info,-1.0,-1.0,-1.0,-1.0,-1.0,-1.0,-1.0,-1.0,-1.0,-1.0,-1.0,-1.0,-1.0,-1.0,16.053038151132913,12.133158,0.341723,347.799981,15.78757,22.402519,141.02357779999997,29863.79109174534,30700.0,6400.0,40300.0,38400.0,39300.0,40000.0
1,5,100,100,0,0,2,6,3,2,3,0,True,DistributionScheme.HASH,8g,12g,12g,12g,12g,12g,12g,12g,100,0:00:10,0:00:15,0:00:05,0:00:15,0:00:20,0:00:05,KeyValueStore,-1,batched_read_scale_v1,50,50,0.0,16,0,UniformMultiKeyReadWriteWorkload,50,50,1.0,16,0,UniformMultiKeyReadWriteWorkload,50,50,0.0,16,0,UniformMultiKeyReadWriteWorkload,linearizable,False,True,0:00:00.200000,1,info,"size,1,10s",False,False,info,0:00:01,1,0:00:00,0:01:00,0:02:00,0:04:00,info,1,info,info,5000,False,100,0:00:02,0:00:05,False,info,1,False,info,0:00:01,0:00:01,0:00:01,0:00:01,0:00:01,False,False,1,1,info,-1.0,-1.0,-1.0,-1.0,-1.0,-1.0,-1.0,-1.0,-1.0,-1.0,-1.0,-1.0,-1.0,-1.0,15.877044244465159,12.144825,0.851883,335.52509,16.030714,26.0650285,125.51732600000076,29641.031234866827,30900.0,8800.0,40900.0,38900.0,39300.0,40100.0
1,5,100,100,0,0,2,6,4,2,4,0,True,DistributionScheme.HASH,8g,12g,12g,12g,12g,12g,12g,12g,100,0:00:10,0:00:15,0:00:05,0:00:15,0:00:20,0:00:05,KeyValueStore,-1,batched_read_scale_v1,50,50,0.0,16,0,UniformMultiKeyReadWriteWorkload,50,50,1.0,16,0,UniformMultiKeyReadWriteWorkload,50,50,0.0,16,0,UniformMultiKeyReadWriteWorkload,linearizable,False,True,0:00:00.200000,1,info,"size,1,10s",False,False,info,0:00:01,1,0:00:00,0:01:00,0:02:00,0:04:00,info,1,info,info,5000,False,100,0:00:02,0:00:05,False,info,1,False,info,0:00:01,0:00:01,0:00:01,0:00:01,0:00:01,False,False,1,1,info,-1.0,-1.0,-1.0,-1.0,-1.0,-1.0,-1.0,-1.0,-1.0,-1.0,-1.0,-1.0,-1.0,-1.0,14.579851256734598,8.813881,0.66412,349.423433,15.441333400000001,34.04349819999998,159.03420699999853,31500.812074001948,32800.0,3200.0,44500.0,43500.0,43700.0,44200.0
1,5,100,100,0,0,2,6,5,2,5,0,True,DistributionScheme.HASH,8g,12g,12g,12g,12g,12g,12g,12g,100,0:00:10,0:00:15,0:00:05,0:00:15,0:00:20,0:00:05,KeyValueStore,-1,batched_read_scale_v1,50,50,0.0,16,0,UniformMultiKeyReadWriteWorkload,50,50,1.0,16,0,UniformMultiKeyReadWriteWorkload,50,50,0.0,16,0,UniformMultiKeyReadWriteWorkload,linearizable,False,True,0:00:00.200000,1,info,"size,1,10s",False,False,info,0:00:01,1,0:00:00,0:01:00,0:02:00,0:04:00,info,1,info,info,5000,False,100,0:00:02,0:00:05,False,info,1,False,info,0:00:01,0:00:01,0:00:01,0:00:01,0:00:01,False,False,1,1,info,-1.0,-1.0,-1.0,-1.0,-1.0,-1.0,-1.0,-1.0,-1.0,-1.0,-1.0,-1.0,-1.0,-1.0,16.91601592386935,10.993897,0.810506,342.805296,17.428097599999997,40.1684271499999,201.47741260000006,29729.069633507854,32500.0,1600.0,41700.0,40200.0,41000.0,41300.0
1,5,100,100,0,0,2,6,6,2,6,0,True,DistributionScheme.HASH,8g,12g,12g,12g,12g,12g,12g,12g,100,0:00:10,0:00:15,0:00:05,0:00:15,0:00:20,0:00:05,KeyValueStore,-1,batched_read_scale_v1,50,50,0.0,16,0,UniformMultiKeyReadWriteWorkload,50,50,1.0,16,0,UniformMultiKeyReadWriteWorkload,50,50,0.0,16,0,UniformMultiKeyReadWriteWorkload,linearizable,False,True,0:00:00.200000,1,info,"size,1,10s",False,False,info,0:00:01,1,0:00:00,0:01:00,0:02:00,0:04:00,info,1,info,info,5000,False,100,0:00:02,0:00:05,False,info,1,False,info,0:00:01,0:00:01,0:00:01,0:00:01,0:00:01,False,False,1,1,info,-1.0,-1.0,-1.0,-1.0,-1.0,-1.0,-1.0,-1.0,-1.0,-1.0,-1.0,-1.0,-1.0,-1.0,17.224116641528664,11.850513,0.486751,353.968477,17.706624599999998,31.868427599999997,205.37154223999988,29861.22204557499,32100.0,1700.0,40200.0,39200.0,39500.0,39900.0
1,15,100,100,0,0,2,2,2,2,2,0,True,DistributionScheme.HASH,8g,12g,12g,12g,12g,12g,12g,12g,100,0:00:10,0:00:15,0:00:05,0:00:15,0:00:20,0:00:05,KeyValueStore,-1,batched_read_scale_v1,50,50,1.0,16,0,UniformMultiKeyReadWriteWorkload,50,50,1.0,16,0,UniformMultiKeyReadWriteWorkload,50,50,0.0,16,0,UniformMultiKeyReadWriteWorkload,linearizable,False,True,0:00:00.200000,1,info,"size,1,10s",False,False,info,0:00:01,1,0:00:00,0:01:00,0:02:00,0:04:00,info,1,info,info,5000,False,100,0:00:02,0:00:05,False,info,1,False,info,0:00:01,0:00:01,0:00:01,0:00:01,0:00:01,False,False,1,1,info,10.174394403433036,9.7228475,0.702833,39.961422,14.427253799999999,15.938419499999995,19.849583280000004,127867.89111915664,127650.0,60824.0,136800.0,135100.0,135400.0,136100.0,-1.0,-1.0,-1.0,-1.0,-1.0,-1.0,-1.0,-1.0,-1.0,-1.0,-1.0,-1.0,-1.0,-1.0
1,20,100,100,0,0,2,2,3,2,3,0,True,DistributionScheme.HASH,8g,12g,12g,12g,12g,12g,12g,12g,100,0:00:10,0:00:15,0:00:05,0:00:15,0:00:20,0:00:05,KeyValueStore,-1,batched_read_scale_v1,50,50,1.0,16,0,UniformMultiKeyReadWriteWorkload,50,50,1.0,16,0,UniformMultiKeyReadWriteWorkload,50,50,0.0,16,0,UniformMultiKeyReadWriteWorkload,linearizable,False,True,0:00:00.200000,1,info,"size,1,10s",False,False,info,0:00:01,1,0:00:00,0:01:00,0:02:00,0:04:00,info,1,info,info,5000,False,100,0:00:02,0:00:05,False,info,1,False,info,0:00:01,0:00:01,0:00:01,0:00:01,0:00:01,False,False,1,1,info,9.249110725265272,8.6582945,0.401906,49.650824,13.6042985,15.78695925,20.9893631,181746.31834862384,184700.0,64600.0,194300.0,192100.0,192800.0,193600.0,-1.0,-1.0,-1.0,-1.0,-1.0,-1.0,-1.0,-1.0,-1.0,-1.0,-1.0,-1.0,-1.0,-1.0
1,25,100,100,0,0,2,2,4,2,4,0,True,DistributionScheme.HASH,8g,12g,12g,12g,12g,12g,12g,12g,100,0:00:10,0:00:15,0:00:05,0:00:15,0:00:20,0:00:05,KeyValueStore,-1,batched_read_scale_v1,50,50,1.0,16,0,UniformMultiKeyReadWriteWorkload,50,50,1.0,16,0,UniformMultiKeyReadWriteWorkload,50,50,0.0,16,0,UniformMultiKeyReadWriteWorkload,linearizable,False,True,0:00:00.200000,1,info,"size,1,10s",False,False,info,0:00:01,1,0:00:00,0:01:00,0:02:00,0:04:00,info,1,info,info,5000,False,100,0:00:02,0:00:05,False,info,1,False,info,0:00:01,0:00:01,0:00:01,0:00:01,0:00:01,False,False,1,1,info,8.66207012515902,8.158191,0.23359,45.054973,12.3252258,13.946831,17.560333999999987,239108.6864256895,244800.0,75900.0,256800.0,252100.0,254200.0,255600.0,-1.0,-1.0,-1.0,-1.0,-1.0,-1.0,-1.0,-1.0,-1.0,-1.0,-1.0,-1.0,-1.0,-1.0
1,30,100,100,0,0,2,2,5,2,5,0,True,DistributionScheme.HASH,8g,12g,12g,12g,12g,12g,12g,12g,100,0:00:10,0:00:15,0:00:05,0:00:15,0:00:20,0:00:05,KeyValueStore,-1,batched_read_scale_v1,50,50,1.0,16,0,UniformMultiKeyReadWriteWorkload,50,50,1.0,16,0,UniformMultiKeyReadWriteWorkload,50,50,0.0,16,0,UniformMultiKeyReadWriteWorkload,linearizable,False,True,0:00:00.200000,1,info,"size,1,10s",False,False,info,0:00:01,1,0:00:00,0:01:00,0:02:00,0:04:00,info,1,info,info,5000,False,100,0:00:02,0:00:05,False,info,1,False,info,0:00:01,0:00:01,0:00:01,0:00:01,0:00:01,False,False,1,1,info,8.370379658713762,7.503034,0.339266,49.8362,12.835769799999998,14.653307899999998,18.614348760000002,281479.9029820537,297815.0,12100.0,310100.0,305000.0,307600.0,308800.0,-1.0,-1.0,-1.0,-1.0,-1.0,-1.0,-1.0,-1.0,-1.0,-1.0,-1.0,-1.0,-1.0,-1.0
1,35,100,100,0,0,2,2,6,2,6,0,True,DistributionScheme.HASH,8g,12g,12g,12g,12g,12g,12g,12g,100,0:00:10,0:00:15,0:00:05,0:00:15,0:00:20,0:00:05,KeyValueStore,-1,batched_read_scale_v1,50,50,1.0,16,0,UniformMultiKeyReadWriteWorkload,50,50,1.0,16,0,UniformMultiKeyReadWriteWorkload,50,50,0.0,16,0,UniformMultiKeyReadWriteWorkload,linearizable,False,True,0:00:00.200000,1,info,"size,1,10s",False,False,info,0:00:01,1,0:00:00,0:01:00,0:02:00,0:04:00,info,1,info,info,5000,False,100,0:00:02,0:00:05,False,info,1,False,info,0:00:01,0:00:01,0:00:01,0:00:01,0:00:01,False,False,1,1,info,8.131888844028973,7.677729,0.475548,43.71183,11.244371800000001,12.777941799999994,16.495035559999998,340407.1996784262,360300.0,56800.0,367600.0,365200.0,365700.0,366400.0,-1.0,-1.0,-1.0,-1.0,-1.0,-1.0,-1.0,-1.0,-1.0,-1.0,-1.0,-1.0,-1.0,-1.0
1,10,100,100,0,0,2,6,2,2,2,0,True,DistributionScheme.HASH,8g,12g,12g,12g,12g,12g,12g,12g,100,0:00:10,0:00:15,0:00:05,0:00:15,0:00:20,0:00:05,KeyValueStore,-1,batched_read_scale_v1,50,50,0.9,16,0,UniformMultiKeyReadWriteWorkload,50,50,1.0,16,0,UniformMultiKeyReadWriteWorkload,50,50,0.0,16,0,UniformMultiKeyReadWriteWorkload,linearizable,False,True,0:00:00.200000,1,info,"size,1,10s",False,False,info,0:00:01,1,0:00:00,0:01:00,0:02:00,0:04:00,info,1,info,info,5000,False,100,0:00:02,0:00:05,False,info,1,False,info,0:00:01,0:00:01,0:00:01,0:00:01,0:00:01,False,False,1,1,info,15.747283603891423,14.2874525,1.195508,155.634545,19.210288499999997,25.914436000000002,61.52557349999999,55104.26558572147,58400.0,37000.0,61700.0,60500.0,60800.0,61200.0,14.711804881974249,14.123746,0.751156,36.099374,16.2867975,24.34436794999999,31.028562509999986,6195.223981900453,6500.0,4083.0,7200.0,6800.0,6900.0,7100.0
1,10,100,100,0,0,2,6,3,2,3,0,True,DistributionScheme.HASH,8g,12g,12g,12g,12g,12g,12g,12g,100,0:00:10,0:00:15,0:00:05,0:00:15,0:00:20,0:00:05,KeyValueStore,-1,batched_read_scale_v1,50,50,0.9,16,0,UniformMultiKeyReadWriteWorkload,50,50,1.0,16,0,UniformMultiKeyReadWriteWorkload,50,50,0.0,16,0,UniformMultiKeyReadWriteWorkload,linearizable,False,True,0:00:00.200000,1,info,"size,1,10s",False,False,info,0:00:01,1,0:00:00,0:01:00,0:02:00,0:04:00,info,1,info,info,5000,False,100,0:00:02,0:00:05,False,info,1,False,info,0:00:01,0:00:01,0:00:01,0:00:01,0:00:01,False,False,1,1,info,10.814117068643306,9.881518,1.047819,154.99413,12.9750808,15.204453999999998,42.801960359999214,74052.27471810642,79400.0,39900.0,84200.0,82900.0,83400.0,83800.0,10.185635434327155,9.88533,1.427815,47.398071,11.797521,13.859078,30.35059279999998,8276.472315436242,8800.0,4900.0,9800.0,9300.0,9400.0,9600.0
1,15,100,100,0,0,2,6,4,2,4,0,True,DistributionScheme.HASH,8g,12g,12g,12g,12g,12g,12g,12g,100,0:00:10,0:00:15,0:00:05,0:00:15,0:00:20,0:00:05,KeyValueStore,-1,batched_read_scale_v1,50,50,0.9,16,0,UniformMultiKeyReadWriteWorkload,50,50,1.0,16,0,UniformMultiKeyReadWriteWorkload,50,50,0.0,16,0,UniformMultiKeyReadWriteWorkload,linearizable,False,True,0:00:00.200000,1,info,"size,1,10s",False,False,info,0:00:01,1,0:00:00,0:01:00,0:02:00,0:04:00,info,1,info,info,5000,False,100,0:00:02,0:00:05,False,info,1,False,info,0:00:01,0:00:01,0:00:01,0:00:01,0:00:01,False,False,1,1,info,14.510285593446511,12.20264,0.60074,160.081788,17.197851400000005,26.14276279999988,85.49476887999968,91047.66210291516,101600.0,40800.0,106400.0,104300.0,104700.0,105500.0,13.512165388188453,11.797538,2.088575,138.60628,21.3405294,27.034385600000007,36.75341816000001,10176.604972375691,11300.0,4600.0,12100.0,11800.0,11800.0,12000.0
1,15,100,100,0,0,2,6,5,2,5,0,True,DistributionScheme.HASH,8g,12g,12g,12g,12g,12g,12g,12g,100,0:00:10,0:00:15,0:00:05,0:00:15,0:00:20,0:00:05,KeyValueStore,-1,batched_read_scale_v1,50,50,0.9,16,0,UniformMultiKeyReadWriteWorkload,50,50,1.0,16,0,UniformMultiKeyReadWriteWorkload,50,50,0.0,16,0,UniformMultiKeyReadWriteWorkload,linearizable,False,True,0:00:00.200000,1,info,"size,1,10s",False,False,info,0:00:01,1,0:00:00,0:01:00,0:02:00,0:04:00,info,1,info,info,5000,False,100,0:00:02,0:00:05,False,info,1,False,info,0:00:01,0:00:01,0:00:01,0:00:01,0:00:01,False,False,1,1,info,12.300310728562007,10.2146775,0.349001,147.546022,14.9071289,20.684973649999996,78.61808171999996,103241.30786071013,115200.0,46309.0,121000.0,119700.0,120000.0,120400.0,11.23805884229179,9.885312,1.071976,49.428223,16.545550599999984,23.921336399999998,37.37190047999998,11523.74815270936,12800.0,4563.0,13800.0,13400.0,13500.0,13600.0
1,15,100,100,0,0,2,6,6,2,6,0,True,DistributionScheme.HASH,8g,12g,12g,12g,12g,12g,12g,12g,100,0:00:10,0:00:15,0:00:05,0:00:15,0:00:20,0:00:05,KeyValueStore,-1,batched_read_scale_v1,50,50,0.9,16,0,UniformMultiKeyReadWriteWorkload,50,50,1.0,16,0,UniformMultiKeyReadWriteWorkload,50,50,0.0,16,0,UniformMultiKeyReadWriteWorkload,linearizable,False,True,0:00:00.200000,1,info,"size,1,10s",False,False,info,0:00:01,1,0:00:00,0:01:00,0:02:00,0:04:00,info,1,info,info,5000,False,100,0:00:02,0:00:05,False,info,1,False,info,0:00:01,0:00:01,0:00:01,0:00:01,0:00:01,False,False,1,1,info,9.112626199143344,7.106346,0.363239,163.650232,10.430457200000001,13.129818999999994,71.67978919999966,109684.90133718829,123500.0,7500.0,136200.0,134400.0,134800.0,135500.0,8.345516363492898,6.751125,3.44224,80.448773,10.447201,20.612711,35.042647,12275.977235772358,13800.0,900.0,15700.0,15100.0,15200.0,15400.0
1,10,100,100,0,0,2,6,2,2,2,0,True,DistributionScheme.HASH,8g,12g,12g,12g,12g,12g,12g,12g,100,0:00:10,0:00:15,0:00:05,0:00:15,0:00:20,0:00:05,KeyValueStore,-1,batched_read_scale_v1,50,50,0.6,16,0,UniformMultiKeyReadWriteWorkload,50,50,1.0,16,0,UniformMultiKeyReadWriteWorkload,50,50,0.0,16,0,UniformMultiKeyReadWriteWorkload,linearizable,False,True,0:00:00.200000,1,info,"size,1,10s",False,False,info,0:00:01,1,0:00:00,0:01:00,0:02:00,0:04:00,info,1,info,info,5000,False,100,0:00:02,0:00:05,False,info,1,False,info,0:00:01,0:00:01,0:00:01,0:00:01,0:00:01,False,False,1,1,info,21.957742019899303,18.553658,3.319207,186.516947,28.984987,41.305227,104.28665730000014,28046.590644753476,30700.0,14400.0,32500.0,31700.0,32000.0,32200.0,19.362269102867383,17.155934000000002,1.389922,124.396098,20.4858717,25.767037999999985,96.21158957000004,18712.375851627556,20300.0,9707.0,21800.0,21100.0,21400.0,21600.0
1,10,100,100,0,0,2,6,3,2,3,0,True,DistributionScheme.HASH,8g,12g,12g,12g,12g,12g,12g,12g,100,0:00:10,0:00:15,0:00:05,0:00:15,0:00:20,0:00:05,KeyValueStore,-1,batched_read_scale_v1,50,50,0.6,16,0,UniformMultiKeyReadWriteWorkload,50,50,1.0,16,0,UniformMultiKeyReadWriteWorkload,50,50,0.0,16,0,UniformMultiKeyReadWriteWorkload,linearizable,False,True,0:00:00.200000,1,info,"size,1,10s",False,False,info,0:00:01,1,0:00:00,0:01:00,0:02:00,0:04:00,info,1,info,info,5000,False,100,0:00:02,0:00:05,False,info,1,False,info,0:00:01,0:00:01,0:00:01,0:00:01,0:00:01,False,False,1,1,info,18.990050361854586,15.134488,0.53368,193.894849,24.191612000000006,39.85323660000001,126.48346364000005,32499.49272767957,36200.0,14300.0,40100.0,38700.0,39000.0,39300.0,16.90469499368288,14.019518,1.15358,125.735595,18.114259500000003,26.47415525,102.17151145,21675.9855704698,24200.0,9300.0,26500.0,25800.0,26000.0,26200.0
1,10,100,100,0,0,2,6,4,2,4,0,True,DistributionScheme.HASH,8g,12g,12g,12g,12g,12g,12g,12g,100,0:00:10,0:00:15,0:00:05,0:00:15,0:00:20,0:00:05,KeyValueStore,-1,batched_read_scale_v1,50,50,0.6,16,0,UniformMultiKeyReadWriteWorkload,50,50,1.0,16,0,UniformMultiKeyReadWriteWorkload,50,50,0.0,16,0,UniformMultiKeyReadWriteWorkload,linearizable,False,True,0:00:00.200000,1,info,"size,1,10s",False,False,info,0:00:01,1,0:00:00,0:01:00,0:02:00,0:04:00,info,1,info,info,5000,False,100,0:00:02,0:00:05,False,info,1,False,info,0:00:01,0:00:01,0:00:01,0:00:01,0:00:01,False,False,1,1,info,16.67597775628663,13.360415,0.43507,181.92166,20.3350454,28.301392399999994,127.34496467999953,36652.135807343075,38900.0,9200.0,44200.0,43300.0,43600.0,44000.0,14.779517894080996,12.149456,1.119362,196.219251,15.20767,20.5423975,109.0102443999999,24500.191420118343,26100.0,6100.0,29800.0,28700.0,29000.0,29400.0
1,10,100,100,0,0,2,6,5,2,5,0,True,DistributionScheme.HASH,8g,12g,12g,12g,12g,12g,12g,12g,100,0:00:10,0:00:15,0:00:05,0:00:15,0:00:20,0:00:05,KeyValueStore,-1,batched_read_scale_v1,50,50,0.6,16,0,UniformMultiKeyReadWriteWorkload,50,50,1.0,16,0,UniformMultiKeyReadWriteWorkload,50,50,0.0,16,0,UniformMultiKeyReadWriteWorkload,linearizable,False,True,0:00:00.200000,1,info,"size,1,10s",False,False,info,0:00:01,1,0:00:00,0:01:00,0:02:00,0:04:00,info,1,info,info,5000,False,100,0:00:02,0:00:05,False,info,1,False,info,0:00:01,0:00:01,0:00:01,0:00:01,0:00:01,False,False,1,1,info,17.51341990170247,12.0317385,0.527492,265.713449,22.442324999999997,41.89272789999994,165.1725098600001,36756.87587375556,41000.0,7500.0,47500.0,46100.0,46400.0,47000.0,15.66707306560879,10.943286,0.573511,216.229693,15.0291564,45.21405559999993,133.84671255999973,24412.24713010204,27100.0,4900.0,31700.0,30600.0,30800.0,31300.0
1,10,100,100,0,0,2,6,6,2,6,0,True,DistributionScheme.HASH,8g,12g,12g,12g,12g,12g,12g,12g,100,0:00:10,0:00:15,0:00:05,0:00:15,0:00:20,0:00:05,KeyValueStore,-1,batched_read_scale_v1,50,50,0.6,16,0,UniformMultiKeyReadWriteWorkload,50,50,1.0,16,0,UniformMultiKeyReadWriteWorkload,50,50,0.0,16,0,UniformMultiKeyReadWriteWorkload,linearizable,False,True,0:00:00.200000,1,info,"size,1,10s",False,False,info,0:00:01,1,0:00:00,0:01:00,0:02:00,0:04:00,info,1,info,info,5000,False,100,0:00:02,0:00:05,False,info,1,False,info,0:00:01,0:00:01,0:00:01,0:00:01,0:00:01,False,False,1,1,info,17.46255825891947,11.281085,0.577034,262.749064,23.09649480000001,51.933240200000036,166.36813976000002,38058.38438502674,41300.0,3200.0,50300.0,48300.0,48900.0,49700.0,15.856568875995102,10.320696,1.572794,223.207592,17.194316,53.89266775,131.35625869999987,25392.716120745023,27700.0,2300.0,33400.0,32100.0,32600.0,33000.0
1,5,100,100,0,0,2,6,2,2,2,0,True,DistributionScheme.HASH,8g,12g,12g,12g,12g,12g,12g,12g,100,0:00:10,0:00:15,0:00:05,0:00:15,0:00:20,0:00:05,KeyValueStore,-1,batched_read_scale_v1,50,50,0.0,16,0,UniformMultiKeyReadWriteWorkload,50,50,1.0,16,0,UniformMultiKeyReadWriteWorkload,50,50,0.0,16,0,UniformMultiKeyReadWriteWorkload,linearizable,False,True,0:00:00.200000,1,info,"size,1,10s",False,False,info,0:00:01,1,0:00:00,0:01:00,0:02:00,0:04:00,info,1,info,info,5000,False,100,0:00:02,0:00:05,False,info,1,False,info,0:00:01,0:00:01,0:00:01,0:00:01,0:00:01,False,False,1,1,info,-1.0,-1.0,-1.0,-1.0,-1.0,-1.0,-1.0,-1.0,-1.0,-1.0,-1.0,-1.0,-1.0,-1.0,14.32292965527426,11.984195,1.185014,340.666234,13.608507600000003,15.300561400000001,117.35434699999871,32714.67825896763,33600.0,8400.0,40900.0,39800.0,40400.0,40600.0
1,5,100,100,0,0,2,6,3,2,3,0,True,DistributionScheme.HASH,8g,12g,12g,12g,12g,12g,12g,12g,100,0:00:10,0:00:15,0:00:05,0:00:15,0:00:20,0:00:05,KeyValueStore,-1,batched_read_scale_v1,50,50,0.0,16,0,UniformMultiKeyReadWriteWorkload,50,50,1.0,16,0,UniformMultiKeyReadWriteWorkload,50,50,0.0,16,0,UniformMultiKeyReadWriteWorkload,linearizable,False,True,0:00:00.200000,1,info,"size,1,10s",False,False,info,0:00:01,1,0:00:00,0:01:00,0:02:00,0:04:00,info,1,info,info,5000,False,100,0:00:02,0:00:05,False,info,1,False,info,0:00:01,0:00:01,0:00:01,0:00:01,0:00:01,False,False,1,1,info,-1.0,-1.0,-1.0,-1.0,-1.0,-1.0,-1.0,-1.0,-1.0,-1.0,-1.0,-1.0,-1.0,-1.0,16.675987888374358,12.019718,0.662353,333.278471,17.414902200000004,44.35703069999971,123.19095704000003,28964.26201431493,31500.0,4800.0,40500.0,39400.0,39800.0,40200.0
1,5,100,100,0,0,2,6,4,2,4,0,True,DistributionScheme.HASH,8g,12g,12g,12g,12g,12g,12g,12g,100,0:00:10,0:00:15,0:00:05,0:00:15,0:00:20,0:00:05,KeyValueStore,-1,batched_read_scale_v1,50,50,0.0,16,0,UniformMultiKeyReadWriteWorkload,50,50,1.0,16,0,UniformMultiKeyReadWriteWorkload,50,50,0.0,16,0,UniformMultiKeyReadWriteWorkload,linearizable,False,True,0:00:00.200000,1,info,"size,1,10s",False,False,info,0:00:01,1,0:00:00,0:01:00,0:02:00,0:04:00,info,1,info,info,5000,False,100,0:00:02,0:00:05,False,info,1,False,info,0:00:01,0:00:01,0:00:01,0:00:01,0:00:01,False,False,1,1,info,-1.0,-1.0,-1.0,-1.0,-1.0,-1.0,-1.0,-1.0,-1.0,-1.0,-1.0,-1.0,-1.0,-1.0,17.213901557653575,11.5080185,1.743337,336.002454,17.921700800000004,49.512812499999995,153.87014893999984,29716.88321550144,32700.0,1600.0,42000.0,40800.0,41200.0,41700.0
1,5,100,100,0,0,2,6,5,2,5,0,True,DistributionScheme.HASH,8g,12g,12g,12g,12g,12g,12g,12g,100,0:00:10,0:00:15,0:00:05,0:00:15,0:00:20,0:00:05,KeyValueStore,-1,batched_read_scale_v1,50,50,0.0,16,0,UniformMultiKeyReadWriteWorkload,50,50,1.0,16,0,UniformMultiKeyReadWriteWorkload,50,50,0.0,16,0,UniformMultiKeyReadWriteWorkload,linearizable,False,True,0:00:00.200000,1,info,"size,1,10s",False,False,info,0:00:01,1,0:00:00,0:01:00,0:02:00,0:04:00,info,1,info,info,5000,False,100,0:00:02,0:00:05,False,info,1,False,info,0:00:01,0:00:01,0:00:01,0:00:01,0:00:01,False,False,1,1,info,-1.0,-1.0,-1.0,-1.0,-1.0,-1.0,-1.0,-1.0,-1.0,-1.0,-1.0,-1.0,-1.0,-1.0,16.10571962700503,10.796055,0.532435,350.742959,15.6142778,33.871286,170.07318699999755,31542.86960882648,34400.0,2400.0,42500.0,40800.0,41500.0,42000.0
1,5,100,100,0,0,2,6,6,2,6,0,True,DistributionScheme.HASH,8g,12g,12g,12g,12g,12g,12g,12g,100,0:00:10,0:00:15,0:00:05,0:00:15,0:00:20,0:00:05,KeyValueStore,-1,batched_read_scale_v1,50,50,0.0,16,0,UniformMultiKeyReadWriteWorkload,50,50,1.0,16,0,UniformMultiKeyReadWriteWorkload,50,50,0.0,16,0,UniformMultiKeyReadWriteWorkload,linearizable,False,True,0:00:00.200000,1,info,"size,1,10s",False,False,info,0:00:01,1,0:00:00,0:01:00,0:02:00,0:04:00,info,1,info,info,5000,False,100,0:00:02,0:00:05,False,info,1,False,info,0:00:01,0:00:01,0:00:01,0:00:01,0:00:01,False,False,1,1,info,-1.0,-1.0,-1.0,-1.0,-1.0,-1.0,-1.0,-1.0,-1.0,-1.0,-1.0,-1.0,-1.0,-1.0,17.07687658719758,11.035547999999999,1.357542,342.378423,16.956438400000003,42.52442624999986,200.73291590999966,29783.162945241893,31600.0,1600.0,41500.0,40200.0,40700.0,41100.0
1,15,100,100,0,0,2,2,2,2,2,0,True,DistributionScheme.HASH,8g,12g,12g,12g,12g,12g,12g,12g,100,0:00:10,0:00:15,0:00:05,0:00:15,0:00:20,0:00:05,KeyValueStore,-1,batched_read_scale_v1,50,50,1.0,16,0,UniformMultiKeyReadWriteWorkload,50,50,1.0,16,0,UniformMultiKeyReadWriteWorkload,50,50,0.0,16,0,UniformMultiKeyReadWriteWorkload,linearizable,False,True,0:00:00.200000,1,info,"size,1,10s",False,False,info,0:00:01,1,0:00:00,0:01:00,0:02:00,0:04:00,info,1,info,info,5000,False,100,0:00:02,0:00:05,False,info,1,False,info,0:00:01,0:00:01,0:00:01,0:00:01,0:00:01,False,False,1,1,info,10.065006846185087,9.880179,0.757754,39.382357,13.949797799999999,15.263902199999997,21.29480576000002,128303.79519707648,130100.0,54400.0,134000.0,132700.0,133000.0,133400.0,-1.0,-1.0,-1.0,-1.0,-1.0,-1.0,-1.0,-1.0,-1.0,-1.0,-1.0,-1.0,-1.0,-1.0
1,20,100,100,0,0,2,2,3,2,3,0,True,DistributionScheme.HASH,8g,12g,12g,12g,12g,12g,12g,12g,100,0:00:10,0:00:15,0:00:05,0:00:15,0:00:20,0:00:05,KeyValueStore,-1,batched_read_scale_v1,50,50,1.0,16,0,UniformMultiKeyReadWriteWorkload,50,50,1.0,16,0,UniformMultiKeyReadWriteWorkload,50,50,0.0,16,0,UniformMultiKeyReadWriteWorkload,linearizable,False,True,0:00:00.200000,1,info,"size,1,10s",False,False,info,0:00:01,1,0:00:00,0:01:00,0:02:00,0:04:00,info,1,info,info,5000,False,100,0:00:02,0:00:05,False,info,1,False,info,0:00:01,0:00:01,0:00:01,0:00:01,0:00:01,False,False,1,1,info,9.136812849251529,8.6673545,0.209873,45.501632,13.385682799999998,15.356965049999998,19.708768310000018,184467.9192419511,189800.0,59700.0,197100.0,194500.0,195500.0,196200.0,-1.0,-1.0,-1.0,-1.0,-1.0,-1.0,-1.0,-1.0,-1.0,-1.0,-1.0,-1.0,-1.0,-1.0
1,25,100,100,0,0,2,2,4,2,4,0,True,DistributionScheme.HASH,8g,12g,12g,12g,12g,12g,12g,12g,100,0:00:10,0:00:15,0:00:05,0:00:15,0:00:20,0:00:05,KeyValueStore,-1,batched_read_scale_v1,50,50,1.0,16,0,UniformMultiKeyReadWriteWorkload,50,50,1.0,16,0,UniformMultiKeyReadWriteWorkload,50,50,0.0,16,0,UniformMultiKeyReadWriteWorkload,linearizable,False,True,0:00:00.200000,1,info,"size,1,10s",False,False,info,0:00:01,1,0:00:00,0:01:00,0:02:00,0:04:00,info,1,info,info,5000,False,100,0:00:02,0:00:05,False,info,1,False,info,0:00:01,0:00:01,0:00:01,0:00:01,0:00:01,False,False,1,1,info,8.826059384748273,8.040489,0.497432,51.218728,13.386689000000004,15.460277200000004,20.93897492000001,235603.35987270038,243500.0,64700.0,255200.0,250800.0,253400.0,254600.0,-1.0,-1.0,-1.0,-1.0,-1.0,-1.0,-1.0,-1.0,-1.0,-1.0,-1.0,-1.0,-1.0,-1.0
1,30,100,100,0,0,2,2,5,2,5,0,True,DistributionScheme.HASH,8g,12g,12g,12g,12g,12g,12g,12g,100,0:00:10,0:00:15,0:00:05,0:00:15,0:00:20,0:00:05,KeyValueStore,-1,batched_read_scale_v1,50,50,1.0,16,0,UniformMultiKeyReadWriteWorkload,50,50,1.0,16,0,UniformMultiKeyReadWriteWorkload,50,50,0.0,16,0,UniformMultiKeyReadWriteWorkload,linearizable,False,True,0:00:00.200000,1,info,"size,1,10s",False,False,info,0:00:01,1,0:00:00,0:01:00,0:02:00,0:04:00,info,1,info,info,5000,False,100,0:00:02,0:00:05,False,info,1,False,info,0:00:01,0:00:01,0:00:01,0:00:01,0:00:01,False,False,1,1,info,8.299651355552596,7.798335,0.202816,51.503932,11.712866,13.940544,18.3132885,287742.90766738664,300300.0,60300.0,313400.0,311100.0,311700.0,312600.0,-1.0,-1.0,-1.0,-1.0,-1.0,-1.0,-1.0,-1.0,-1.0,-1.0,-1.0,-1.0,-1.0,-1.0
1,35,100,100,0,0,2,2,6,2,6,0,True,DistributionScheme.HASH,8g,12g,12g,12g,12g,12g,12g,12g,100,0:00:10,0:00:15,0:00:05,0:00:15,0:00:20,0:00:05,KeyValueStore,-1,batched_read_scale_v1,50,50,1.0,16,0,UniformMultiKeyReadWriteWorkload,50,50,1.0,16,0,UniformMultiKeyReadWriteWorkload,50,50,0.0,16,0,UniformMultiKeyReadWriteWorkload,linearizable,False,True,0:00:00.200000,1,info,"size,1,10s",False,False,info,0:00:01,1,0:00:00,0:01:00,0:02:00,0:04:00,info,1,info,info,5000,False,100,0:00:02,0:00:05,False,info,1,False,info,0:00:01,0:00:01,0:00:01,0:00:01,0:00:01,False,False,1,1,info,8.17009151517662,7.8024474999999995,0.208816,41.6732,10.922420400000004,12.098530249999996,15.88052119,340439.81621508085,359400.0,73700.0,367500.0,364100.0,364700.0,366000.0,-1.0,-1.0,-1.0,-1.0,-1.0,-1.0,-1.0,-1.0,-1.0,-1.0,-1.0,-1.0,-1.0,-1.0
1,10,100,100,0,0,2,6,2,2,2,0,True,DistributionScheme.HASH,8g,12g,12g,12g,12g,12g,12g,12g,100,0:00:10,0:00:15,0:00:05,0:00:15,0:00:20,0:00:05,KeyValueStore,-1,batched_read_scale_v1,50,50,0.9,16,0,UniformMultiKeyReadWriteWorkload,50,50,1.0,16,0,UniformMultiKeyReadWriteWorkload,50,50,0.0,16,0,UniformMultiKeyReadWriteWorkload,linearizable,False,True,0:00:00.200000,1,info,"size,1,10s",False,False,info,0:00:01,1,0:00:00,0:01:00,0:02:00,0:04:00,info,1,info,info,5000,False,100,0:00:02,0:00:05,False,info,1,False,info,0:00:01,0:00:01,0:00:01,0:00:01,0:00:01,False,False,1,1,info,15.336346086457356,13.7791465,1.504861,139.463512,19.3990675,26.929750249999998,57.03568809999989,56402.74174283973,60100.0,33100.0,62900.0,61900.0,62000.0,62300.0,14.258729175604628,13.449233,2.315446,43.301911,17.483632,22.549070999999998,31.832227500000002,6296.102085620198,6700.0,4000.0,7200.0,6900.0,7000.0,7100.0
1,10,100,100,0,0,2,6,3,2,3,0,True,DistributionScheme.HASH,8g,12g,12g,12g,12g,12g,12g,12g,100,0:00:10,0:00:15,0:00:05,0:00:15,0:00:20,0:00:05,KeyValueStore,-1,batched_read_scale_v1,50,50,0.9,16,0,UniformMultiKeyReadWriteWorkload,50,50,1.0,16,0,UniformMultiKeyReadWriteWorkload,50,50,0.0,16,0,UniformMultiKeyReadWriteWorkload,linearizable,False,True,0:00:00.200000,1,info,"size,1,10s",False,False,info,0:00:01,1,0:00:00,0:01:00,0:02:00,0:04:00,info,1,info,info,5000,False,100,0:00:02,0:00:05,False,info,1,False,info,0:00:01,0:00:01,0:00:01,0:00:01,0:00:01,False,False,1,1,info,10.97685310988013,9.5557365,0.915458,162.706115,12.984896299999999,16.33667769999994,57.28929033999977,74639.98704614221,83000.0,41847.0,86100.0,85100.0,85400.0,85700.0,10.21379124878444,9.5325485,2.398398,48.218762,12.2254459,18.804623149999987,28.203539480000067,8379.480948348857,9300.0,4522.0,9800.0,9600.0,9600.0,9700.0
1,15,100,100,0,0,2,6,4,2,4,0,True,DistributionScheme.HASH,8g,12g,12g,12g,12g,12g,12g,12g,100,0:00:10,0:00:15,0:00:05,0:00:15,0:00:20,0:00:05,KeyValueStore,-1,batched_read_scale_v1,50,50,0.9,16,0,UniformMultiKeyReadWriteWorkload,50,50,1.0,16,0,UniformMultiKeyReadWriteWorkload,50,50,0.0,16,0,UniformMultiKeyReadWriteWorkload,linearizable,False,True,0:00:00.200000,1,info,"size,1,10s",False,False,info,0:00:01,1,0:00:00,0:01:00,0:02:00,0:04:00,info,1,info,info,5000,False,100,0:00:02,0:00:05,False,info,1,False,info,0:00:01,0:00:01,0:00:01,0:00:01,0:00:01,False,False,1,1,info,14.736099712965052,12.297127,0.441176,150.513197,18.6202712,29.171006399999868,87.35746163999997,90242.63515521151,99700.0,31941.0,104700.0,103400.0,103700.0,104200.0,13.862621594358629,12.194991,1.54801,132.807972,19.619204800000006,29.709821799999997,41.578072319999976,10107.456842105263,11100.0,3431.0,11900.0,11600.0,11700.0,11800.0
1,15,100,100,0,0,2,6,5,2,5,0,True,DistributionScheme.HASH,8g,12g,12g,12g,12g,12g,12g,12g,100,0:00:10,0:00:15,0:00:05,0:00:15,0:00:20,0:00:05,KeyValueStore,-1,batched_read_scale_v1,50,50,0.9,16,0,UniformMultiKeyReadWriteWorkload,50,50,1.0,16,0,UniformMultiKeyReadWriteWorkload,50,50,0.0,16,0,UniformMultiKeyReadWriteWorkload,linearizable,False,True,0:00:00.200000,1,info,"size,1,10s",False,False,info,0:00:01,1,0:00:00,0:01:00,0:02:00,0:04:00,info,1,info,info,5000,False,100,0:00:02,0:00:05,False,info,1,False,info,0:00:01,0:00:01,0:00:01,0:00:01,0:00:01,False,False,1,1,info,12.380357155195323,9.958094,0.462311,172.417165,14.852597799999998,23.290724699999913,81.73444621999987,103539.47706738395,116200.0,37678.0,123000.0,121400.0,121800.0,122400.0,11.404959029797377,9.674824000000001,2.575205,70.59457,17.659990399999987,26.94185549999998,40.561073990000004,11560.101242236025,12800.0,3687.0,14100.0,13600.0,13700.0,13900.0
1,15,100,100,0,0,2,6,6,2,6,0,True,DistributionScheme.HASH,8g,12g,12g,12g,12g,12g,12g,12g,100,0:00:10,0:00:15,0:00:05,0:00:15,0:00:20,0:00:05,KeyValueStore,-1,batched_read_scale_v1,50,50,0.9,16,0,UniformMultiKeyReadWriteWorkload,50,50,1.0,16,0,UniformMultiKeyReadWriteWorkload,50,50,0.0,16,0,UniformMultiKeyReadWriteWorkload,linearizable,False,True,0:00:00.200000,1,info,"size,1,10s",False,False,info,0:00:01,1,0:00:00,0:01:00,0:02:00,0:04:00,info,1,info,info,5000,False,100,0:00:02,0:00:05,False,info,1,False,info,0:00:01,0:00:01,0:00:01,0:00:01,0:00:01,False,False,1,1,info,9.45912904215556,7.2774175,0.554687,169.626197,10.4553531,13.26479849999996,77.18179286,116459.42044243905,130400.0,17888.0,138200.0,135800.0,136700.0,137600.0,8.950865128910463,6.8360015,0.642197,159.336516,10.4674869,24.865495749999987,40.687881180000005,13008.656758272575,14500.0,2181.0,15900.0,15200.0,15400.0,15600.0
1,10,100,100,0,0,2,6,2,2,2,0,True,DistributionScheme.HASH,8g,12g,12g,12g,12g,12g,12g,12g,100,0:00:10,0:00:15,0:00:05,0:00:15,0:00:20,0:00:05,KeyValueStore,-1,batched_read_scale_v1,50,50,0.6,16,0,UniformMultiKeyReadWriteWorkload,50,50,1.0,16,0,UniformMultiKeyReadWriteWorkload,50,50,0.0,16,0,UniformMultiKeyReadWriteWorkload,linearizable,False,True,0:00:00.200000,1,info,"size,1,10s",False,False,info,0:00:01,1,0:00:00,0:01:00,0:02:00,0:04:00,info,1,info,info,5000,False,100,0:00:02,0:00:05,False,info,1,False,info,0:00:01,0:00:01,0:00:01,0:00:01,0:00:01,False,False,1,1,info,22.390298489761093,18.2747405,1.442533,176.507162,27.830084100000008,39.21577859999994,131.28903213999988,27988.981606217618,31600.0,8000.0,33400.0,32300.0,32500.0,33000.0,20.098686336980307,17.1780665,2.577046,174.427425,19.744833200000002,36.45443654999994,102.61617488000009,18721.76219984508,21100.0,5300.0,22200.0,21600.0,21700.0,21900.0
1,10,100,100,0,0,2,6,3,2,3,0,True,DistributionScheme.HASH,8g,12g,12g,12g,12g,12g,12g,12g,100,0:00:10,0:00:15,0:00:05,0:00:15,0:00:20,0:00:05,KeyValueStore,-1,batched_read_scale_v1,50,50,0.6,16,0,UniformMultiKeyReadWriteWorkload,50,50,1.0,16,0,UniformMultiKeyReadWriteWorkload,50,50,0.0,16,0,UniformMultiKeyReadWriteWorkload,linearizable,False,True,0:00:00.200000,1,info,"size,1,10s",False,False,info,0:00:01,1,0:00:00,0:01:00,0:02:00,0:04:00,info,1,info,info,5000,False,100,0:00:02,0:00:05,False,info,1,False,info,0:00:01,0:00:01,0:00:01,0:00:01,0:00:01,False,False,1,1,info,19.639012352915767,15.237925,0.51917,173.082819,27.483399400000003,43.33237745000001,122.29504607000001,31855.28639890461,36709.0,10100.0,38500.0,37700.0,37800.0,38100.0,17.262616927073246,14.107575,1.148569,131.490119,17.879136600000002,42.09167659999988,100.80365427999996,21336.107130672124,24500.0,6900.0,25800.0,25300.0,25400.0,25500.0
1,10,100,100,0,0,2,6,4,2,4,0,True,DistributionScheme.HASH,8g,12g,12g,12g,12g,12g,12g,12g,100,0:00:10,0:00:15,0:00:05,0:00:15,0:00:20,0:00:05,KeyValueStore,-1,batched_read_scale_v1,50,50,0.6,16,0,UniformMultiKeyReadWriteWorkload,50,50,1.0,16,0,UniformMultiKeyReadWriteWorkload,50,50,0.0,16,0,UniformMultiKeyReadWriteWorkload,linearizable,False,True,0:00:00.200000,1,info,"size,1,10s",False,False,info,0:00:01,1,0:00:00,0:01:00,0:02:00,0:04:00,info,1,info,info,5000,False,100,0:00:02,0:00:05,False,info,1,False,info,0:00:01,0:00:01,0:00:01,0:00:01,0:00:01,False,False,1,1,info,17.630668645483613,13.0639985,0.907602,276.828902,21.910038099999998,40.01186399999994,137.97861396000033,35127.15408871137,41100.0,9900.0,44800.0,43400.0,43900.0,44300.0,15.429925886690647,11.968704,0.682185,225.546553,16.145220000000002,37.4348195,102.44461570000001,23401.872910753704,27400.0,6500.0,29900.0,29000.0,29300.0,29500.0
1,10,100,100,0,0,2,6,5,2,5,0,True,DistributionScheme.HASH,8g,12g,12g,12g,12g,12g,12g,12g,100,0:00:10,0:00:15,0:00:05,0:00:15,0:00:20,0:00:05,KeyValueStore,-1,batched_read_scale_v1,50,50,0.6,16,0,UniformMultiKeyReadWriteWorkload,50,50,1.0,16,0,UniformMultiKeyReadWriteWorkload,50,50,0.0,16,0,UniformMultiKeyReadWriteWorkload,linearizable,False,True,0:00:00.200000,1,info,"size,1,10s",False,False,info,0:00:01,1,0:00:00,0:01:00,0:02:00,0:04:00,info,1,info,info,5000,False,100,0:00:02,0:00:05,False,info,1,False,info,0:00:01,0:00:01,0:00:01,0:00:01,0:00:01,False,False,1,1,info,17.323909655580042,11.9106,0.327944,203.015532,23.182217,50.524981,145.94194880000012,36522.7136868581,41600.0,4100.0,48400.0,46900.0,47500.0,47900.0,15.367305598978673,10.870183,1.245781,198.041868,16.54427900000002,45.22601599999999,124.70478955999994,24366.460836741113,27400.0,2700.0,32300.0,31200.0,31500.0,31800.0
1,10,100,100,0,0,2,6,6,2,6,0,True,DistributionScheme.HASH,8g,12g,12g,12g,12g,12g,12g,12g,100,0:00:10,0:00:15,0:00:05,0:00:15,0:00:20,0:00:05,KeyValueStore,-1,batched_read_scale_v1,50,50,0.6,16,0,UniformMultiKeyReadWriteWorkload,50,50,1.0,16,0,UniformMultiKeyReadWriteWorkload,50,50,0.0,16,0,UniformMultiKeyReadWriteWorkload,linearizable,False,True,0:00:00.200000,1,info,"size,1,10s",False,False,info,0:00:01,1,0:00:00,0:01:00,0:02:00,0:04:00,info,1,info,info,5000,False,100,0:00:02,0:00:05,False,info,1,False,info,0:00:01,0:00:01,0:00:01,0:00:01,0:00:01,False,False,1,1,info,18.086770827472073,11.683188,2.391401,305.299762,21.4531866,50.040484299999534,174.02880776000006,38275.14358864946,41800.0,3700.0,49500.0,48800.0,48900.0,49200.0,16.516447009003414,10.48268,1.271927,301.67983,15.894396,61.927015,139.26204300000018,25492.838192886895,27800.0,2500.0,33000.0,32400.0,32500.0,32700.0
1,5,100,100,0,0,2,6,2,2,2,0,True,DistributionScheme.HASH,8g,12g,12g,12g,12g,12g,12g,12g,100,0:00:10,0:00:15,0:00:05,0:00:15,0:00:20,0:00:05,KeyValueStore,-1,batched_read_scale_v1,50,50,0.0,16,0,UniformMultiKeyReadWriteWorkload,50,50,1.0,16,0,UniformMultiKeyReadWriteWorkload,50,50,0.0,16,0,UniformMultiKeyReadWriteWorkload,linearizable,False,True,0:00:00.200000,1,info,"size,1,10s",False,False,info,0:00:01,1,0:00:00,0:01:00,0:02:00,0:04:00,info,1,info,info,5000,False,100,0:00:02,0:00:05,False,info,1,False,info,0:00:01,0:00:01,0:00:01,0:00:01,0:00:01,False,False,1,1,info,-1.0,-1.0,-1.0,-1.0,-1.0,-1.0,-1.0,-1.0,-1.0,-1.0,-1.0,-1.0,-1.0,-1.0,14.407234659738586,12.073334,1.644533,340.101783,14.4085762,17.162814899999994,127.28981460000051,31965.638752783965,32500.0,3600.0,39800.0,38700.0,39000.0,39464.0
1,5,100,100,0,0,2,6,3,2,3,0,True,DistributionScheme.HASH,8g,12g,12g,12g,12g,12g,12g,12g,100,0:00:10,0:00:15,0:00:05,0:00:15,0:00:20,0:00:05,KeyValueStore,-1,batched_read_scale_v1,50,50,0.0,16,0,UniformMultiKeyReadWriteWorkload,50,50,1.0,16,0,UniformMultiKeyReadWriteWorkload,50,50,0.0,16,0,UniformMultiKeyReadWriteWorkload,linearizable,False,True,0:00:00.200000,1,info,"size,1,10s",False,False,info,0:00:01,1,0:00:00,0:01:00,0:02:00,0:04:00,info,1,info,info,5000,False,100,0:00:02,0:00:05,False,info,1,False,info,0:00:01,0:00:01,0:00:01,0:00:01,0:00:01,False,False,1,1,info,-1.0,-1.0,-1.0,-1.0,-1.0,-1.0,-1.0,-1.0,-1.0,-1.0,-1.0,-1.0,-1.0,-1.0,15.49438393628809,11.805541999999999,0.515962,342.042362,15.777845899999999,23.665725449999968,111.93158749999814,30057.600623650756,31200.0,9600.0,41300.0,38900.0,40100.0,40700.0
1,5,100,100,0,0,2,6,4,2,4,0,True,DistributionScheme.HASH,8g,12g,12g,12g,12g,12g,12g,12g,100,0:00:10,0:00:15,0:00:05,0:00:15,0:00:20,0:00:05,KeyValueStore,-1,batched_read_scale_v1,50,50,0.0,16,0,UniformMultiKeyReadWriteWorkload,50,50,1.0,16,0,UniformMultiKeyReadWriteWorkload,50,50,0.0,16,0,UniformMultiKeyReadWriteWorkload,linearizable,False,True,0:00:00.200000,1,info,"size,1,10s",False,False,info,0:00:01,1,0:00:00,0:01:00,0:02:00,0:04:00,info,1,info,info,5000,False,100,0:00:02,0:00:05,False,info,1,False,info,0:00:01,0:00:01,0:00:01,0:00:01,0:00:01,False,False,1,1,info,-1.0,-1.0,-1.0,-1.0,-1.0,-1.0,-1.0,-1.0,-1.0,-1.0,-1.0,-1.0,-1.0,-1.0,14.55318811834962,11.367179,0.397001,343.010382,15.045949000000007,19.301561400000004,129.04511964000005,32384.08331456879,33600.0,4300.0,43000.0,39700.0,40000.0,42160.00000000004
1,5,100,100,0,0,2,6,5,2,5,0,True,DistributionScheme.HASH,8g,12g,12g,12g,12g,12g,12g,12g,100,0:00:10,0:00:15,0:00:05,0:00:15,0:00:20,0:00:05,KeyValueStore,-1,batched_read_scale_v1,50,50,0.0,16,0,UniformMultiKeyReadWriteWorkload,50,50,1.0,16,0,UniformMultiKeyReadWriteWorkload,50,50,0.0,16,0,UniformMultiKeyReadWriteWorkload,linearizable,False,True,0:00:00.200000,1,info,"size,1,10s",False,False,info,0:00:01,1,0:00:00,0:01:00,0:02:00,0:04:00,info,1,info,info,5000,False,100,0:00:02,0:00:05,False,info,1,False,info,0:00:01,0:00:01,0:00:01,0:00:01,0:00:01,False,False,1,1,info,-1.0,-1.0,-1.0,-1.0,-1.0,-1.0,-1.0,-1.0,-1.0,-1.0,-1.0,-1.0,-1.0,-1.0,17.06052824532119,10.5760115,2.668968,339.968376,17.38353030000002,44.71539249999999,208.46478362999997,30276.70862160724,32100.0,2800.0,42300.0,39600.0,40600.0,41500.0
1,5,100,100,0,0,2,6,6,2,6,0,True,DistributionScheme.HASH,8g,12g,12g,12g,12g,12g,12g,12g,100,0:00:10,0:00:15,0:00:05,0:00:15,0:00:20,0:00:05,KeyValueStore,-1,batched_read_scale_v1,50,50,0.0,16,0,UniformMultiKeyReadWriteWorkload,50,50,1.0,16,0,UniformMultiKeyReadWriteWorkload,50,50,0.0,16,0,UniformMultiKeyReadWriteWorkload,linearizable,False,True,0:00:00.200000,1,info,"size,1,10s",False,False,info,0:00:01,1,0:00:00,0:01:00,0:02:00,0:04:00,info,1,info,info,5000,False,100,0:00:02,0:00:05,False,info,1,False,info,0:00:01,0:00:01,0:00:01,0:00:01,0:00:01,False,False,1,1,info,-1.0,-1.0,-1.0,-1.0,-1.0,-1.0,-1.0,-1.0,-1.0,-1.0,-1.0,-1.0,-1.0,-1.0,17.515412296749023,10.981343,1.126306,349.987652,15.824534799999999,37.369614599999935,211.54209851999985,30761.370844686648,33800.0,2300.0,42600.0,41400.0,41700.0,42200.0
1,15,100,100,0,0,2,2,2,2,2,0,True,DistributionScheme.HASH,8g,12g,12g,12g,12g,12g,12g,12g,100,0:00:10,0:00:15,0:00:05,0:00:15,0:00:20,0:00:05,KeyValueStore,-1,batched_read_scale_v1,50,50,1.0,16,0,UniformMultiKeyReadWriteWorkload,50,50,1.0,16,0,UniformMultiKeyReadWriteWorkload,50,50,0.0,16,0,UniformMultiKeyReadWriteWorkload,linearizable,False,True,0:00:00.200000,1,info,"size,1,10s",False,False,info,0:00:01,1,0:00:00,0:01:00,0:02:00,0:04:00,info,1,info,info,5000,False,100,0:00:02,0:00:05,False,info,1,False,info,0:00:01,0:00:01,0:00:01,0:00:01,0:00:01,False,False,1,1,info,10.35383174769119,10.125243,0.183042,42.082816,14.901132800000001,16.3229349,22.0040342,126151.74558570198,125600.0,69776.0,137800.0,134700.0,136100.0,136900.0,-1.0,-1.0,-1.0,-1.0,-1.0,-1.0,-1.0,-1.0,-1.0,-1.0,-1.0,-1.0,-1.0,-1.0
1,20,100,100,0,0,2,2,3,2,3,0,True,DistributionScheme.HASH,8g,12g,12g,12g,12g,12g,12g,12g,100,0:00:10,0:00:15,0:00:05,0:00:15,0:00:20,0:00:05,KeyValueStore,-1,batched_read_scale_v1,50,50,1.0,16,0,UniformMultiKeyReadWriteWorkload,50,50,1.0,16,0,UniformMultiKeyReadWriteWorkload,50,50,0.0,16,0,UniformMultiKeyReadWriteWorkload,linearizable,False,True,0:00:00.200000,1,info,"size,1,10s",False,False,info,0:00:01,1,0:00:00,0:01:00,0:02:00,0:04:00,info,1,info,info,5000,False,100,0:00:02,0:00:05,False,info,1,False,info,0:00:01,0:00:01,0:00:01,0:00:01,0:00:01,False,False,1,1,info,9.376941222477065,8.950993,0.864408,45.794757,13.3272158,14.913258399999995,19.853510220000008,180024.56186131388,185000.0,50400.0,191900.0,189900.0,190400.0,190800.0,-1.0,-1.0,-1.0,-1.0,-1.0,-1.0,-1.0,-1.0,-1.0,-1.0,-1.0,-1.0,-1.0,-1.0
1,25,100,100,0,0,2,2,4,2,4,0,True,DistributionScheme.HASH,8g,12g,12g,12g,12g,12g,12g,12g,100,0:00:10,0:00:15,0:00:05,0:00:15,0:00:20,0:00:05,KeyValueStore,-1,batched_read_scale_v1,50,50,1.0,16,0,UniformMultiKeyReadWriteWorkload,50,50,1.0,16,0,UniformMultiKeyReadWriteWorkload,50,50,0.0,16,0,UniformMultiKeyReadWriteWorkload,linearizable,False,True,0:00:00.200000,1,info,"size,1,10s",False,False,info,0:00:01,1,0:00:00,0:01:00,0:02:00,0:04:00,info,1,info,info,5000,False,100,0:00:02,0:00:05,False,info,1,False,info,0:00:01,0:00:01,0:00:01,0:00:01,0:00:01,False,False,1,1,info,9.001676542046123,7.481101,0.526804,66.910009,17.0045074,20.96381849999999,26.203896339999993,229190.29021525863,231700.0,52000.0,256200.0,251800.0,252600.0,254800.0,-1.0,-1.0,-1.0,-1.0,-1.0,-1.0,-1.0,-1.0,-1.0,-1.0,-1.0,-1.0,-1.0,-1.0
1,30,100,100,0,0,2,2,5,2,5,0,True,DistributionScheme.HASH,8g,12g,12g,12g,12g,12g,12g,12g,100,0:00:10,0:00:15,0:00:05,0:00:15,0:00:20,0:00:05,KeyValueStore,-1,batched_read_scale_v1,50,50,1.0,16,0,UniformMultiKeyReadWriteWorkload,50,50,1.0,16,0,UniformMultiKeyReadWriteWorkload,50,50,0.0,16,0,UniformMultiKeyReadWriteWorkload,linearizable,False,True,0:00:00.200000,1,info,"size,1,10s",False,False,info,0:00:01,1,0:00:00,0:01:00,0:02:00,0:04:00,info,1,info,info,5000,False,100,0:00:02,0:00:05,False,info,1,False,info,0:00:01,0:00:01,0:00:01,0:00:01,0:00:01,False,False,1,1,info,8.451775258779621,7.8780085,0.214952,41.714708,11.9745059,13.32066335,17.19741649000007,284323.5370307051,299300.0,60900.0,309200.0,304300.0,306800.0,308100.0,-1.0,-1.0,-1.0,-1.0,-1.0,-1.0,-1.0,-1.0,-1.0,-1.0,-1.0,-1.0,-1.0,-1.0
1,35,100,100,0,0,2,2,6,2,6,0,True,DistributionScheme.HASH,8g,12g,12g,12g,12g,12g,12g,12g,100,0:00:10,0:00:15,0:00:05,0:00:15,0:00:20,0:00:05,KeyValueStore,-1,batched_read_scale_v1,50,50,1.0,16,0,UniformMultiKeyReadWriteWorkload,50,50,1.0,16,0,UniformMultiKeyReadWriteWorkload,50,50,0.0,16,0,UniformMultiKeyReadWriteWorkload,linearizable,False,True,0:00:00.200000,1,info,"size,1,10s",False,False,info,0:00:01,1,0:00:00,0:01:00,0:02:00,0:04:00,info,1,info,info,5000,False,100,0:00:02,0:00:05,False,info,1,False,info,0:00:01,0:00:01,0:00:01,0:00:01,0:00:01,False,False,1,1,info,8.202977788219034,7.668281,0.255083,45.056185,11.5556324,13.038668999999999,17.319287160000048,337959.1130594586,357300.0,57600.0,369900.0,366100.0,367100.0,368700.0,-1.0,-1.0,-1.0,-1.0,-1.0,-1.0,-1.0,-1.0,-1.0,-1.0,-1.0,-1.0,-1.0,-1.0
1,10,100,100,0,0,2,6,2,2,2,0,True,DistributionScheme.HASH,8g,12g,12g,12g,12g,12g,12g,12g,100,0:00:10,0:00:15,0:00:05,0:00:15,0:00:20,0:00:05,KeyValueStore,-1,batched_read_scale_v1,50,50,0.9,16,0,UniformMultiKeyReadWriteWorkload,50,50,1.0,16,0,UniformMultiKeyReadWriteWorkload,50,50,0.0,16,0,UniformMultiKeyReadWriteWorkload,linearizable,False,True,0:00:00.200000,1,info,"size,1,10s",False,False,info,0:00:01,1,0:00:00,0:01:00,0:02:00,0:04:00,info,1,info,info,5000,False,100,0:00:02,0:00:05,False,info,1,False,info,0:00:01,0:00:01,0:00:01,0:00:01,0:00:01,False,False,1,1,info,14.885151509024448,13.8203885,0.185978,140.243222,18.8714614,23.5910357,49.75597567999975,57853.779253112036,60100.0,31900.0,64400.0,63300.0,63600.0,63900.0,13.760346661899897,13.33765,2.331665,34.48582,15.7873168,21.277699999999992,26.36036142,6477.340788072417,6700.0,4000.0,7400.0,7100.0,7200.0,7300.0
1,10,100,100,0,0,2,6,3,2,3,0,True,DistributionScheme.HASH,8g,12g,12g,12g,12g,12g,12g,12g,100,0:00:10,0:00:15,0:00:05,0:00:15,0:00:20,0:00:05,KeyValueStore,-1,batched_read_scale_v1,50,50,0.9,16,0,UniformMultiKeyReadWriteWorkload,50,50,1.0,16,0,UniformMultiKeyReadWriteWorkload,50,50,0.0,16,0,UniformMultiKeyReadWriteWorkload,linearizable,False,True,0:00:00.200000,1,info,"size,1,10s",False,False,info,0:00:01,1,0:00:00,0:01:00,0:02:00,0:04:00,info,1,info,info,5000,False,100,0:00:02,0:00:05,False,info,1,False,info,0:00:01,0:00:01,0:00:01,0:00:01,0:00:01,False,False,1,1,info,10.915237909156065,9.734078,0.715647,136.430784,13.0941561,15.381200649999995,53.50840167999979,75120.92495117642,79700.0,40900.0,87900.0,86800.0,87200.0,87500.0,10.391571130990416,9.523892,2.830154,102.667014,12.1935942,17.96272745,35.13457748000001,8442.81961762261,8900.0,4900.0,10100.0,9700.0,9800.0,9900.0
1,15,100,100,0,0,2,6,4,2,4,0,True,DistributionScheme.HASH,8g,12g,12g,12g,12g,12g,12g,12g,100,0:00:10,0:00:15,0:00:05,0:00:15,0:00:20,0:00:05,KeyValueStore,-1,batched_read_scale_v1,50,50,0.9,16,0,UniformMultiKeyReadWriteWorkload,50,50,1.0,16,0,UniformMultiKeyReadWriteWorkload,50,50,0.0,16,0,UniformMultiKeyReadWriteWorkload,linearizable,False,True,0:00:00.200000,1,info,"size,1,10s",False,False,info,0:00:01,1,0:00:00,0:01:00,0:02:00,0:04:00,info,1,info,info,5000,False,100,0:00:02,0:00:05,False,info,1,False,info,0:00:01,0:00:01,0:00:01,0:00:01,0:00:01,False,False,1,1,info,14.77468292008135,12.366514,0.869715,147.391805,18.354228,29.86433525,83.9941885,90184.82774666772,99300.0,42600.0,103900.0,102300.0,102600.0,103200.0,13.694118698049763,12.125438,1.841809,63.498087,19.1930252,26.719793400000007,39.86950992000005,10096.95127118644,11100.0,4700.0,12000.0,11500.0,11600.0,11800.0
1,15,100,100,0,0,2,6,5,2,5,0,True,DistributionScheme.HASH,8g,12g,12g,12g,12g,12g,12g,12g,100,0:00:10,0:00:15,0:00:05,0:00:15,0:00:20,0:00:05,KeyValueStore,-1,batched_read_scale_v1,50,50,0.9,16,0,UniformMultiKeyReadWriteWorkload,50,50,1.0,16,0,UniformMultiKeyReadWriteWorkload,50,50,0.0,16,0,UniformMultiKeyReadWriteWorkload,linearizable,False,True,0:00:00.200000,1,info,"size,1,10s",False,False,info,0:00:01,1,0:00:00,0:01:00,0:02:00,0:04:00,info,1,info,info,5000,False,100,0:00:02,0:00:05,False,info,1,False,info,0:00:01,0:00:01,0:00:01,0:00:01,0:00:01,False,False,1,1,info,12.339796241410902,10.122553,0.34179,157.576512,15.089594,20.309087,77.70972460000023,103976.95528372409,115000.0,13804.0,121200.0,120000.0,120300.0,120600.0,11.512923647232038,9.9269505,4.000498,110.466603,13.1411184,26.226941749999977,45.30443073999996,11544.239410681399,12700.0,1321.0,13800.0,13300.0,13400.0,13600.0
1,15,100,100,0,0,2,6,6,2,6,0,True,DistributionScheme.HASH,8g,12g,12g,12g,12g,12g,12g,12g,100,0:00:10,0:00:15,0:00:05,0:00:15,0:00:20,0:00:05,KeyValueStore,-1,batched_read_scale_v1,50,50,0.9,16,0,UniformMultiKeyReadWriteWorkload,50,50,1.0,16,0,UniformMultiKeyReadWriteWorkload,50,50,0.0,16,0,UniformMultiKeyReadWriteWorkload,linearizable,False,True,0:00:00.200000,1,info,"size,1,10s",False,False,info,0:00:01,1,0:00:00,0:01:00,0:02:00,0:04:00,info,1,info,info,5000,False,100,0:00:02,0:00:05,False,info,1,False,info,0:00:01,0:00:01,0:00:01,0:00:01,0:00:01,False,False,1,1,info,9.751192011271748,7.397623,0.338079,167.81389,11.163683800000001,15.38021599999999,71.14762268000008,113545.89611539921,126300.0,40357.0,135300.0,133300.0,133900.0,134800.0,9.013366084245076,7.021967999999999,1.223921,156.251981,11.998668099999996,23.067994549999995,36.43379423000002,12690.85422575156,14100.0,4381.0,15400.0,14900.0,15100.0,15200.0
1,10,100,100,0,0,2,6,2,2,2,0,True,DistributionScheme.HASH,8g,12g,12g,12g,12g,12g,12g,12g,100,0:00:10,0:00:15,0:00:05,0:00:15,0:00:20,0:00:05,KeyValueStore,-1,batched_read_scale_v1,50,50,0.6,16,0,UniformMultiKeyReadWriteWorkload,50,50,1.0,16,0,UniformMultiKeyReadWriteWorkload,50,50,0.0,16,0,UniformMultiKeyReadWriteWorkload,linearizable,False,True,0:00:00.200000,1,info,"size,1,10s",False,False,info,0:00:01,1,0:00:00,0:01:00,0:02:00,0:04:00,info,1,info,info,5000,False,100,0:00:02,0:00:05,False,info,1,False,info,0:00:01,0:00:01,0:00:01,0:00:01,0:00:01,False,False,1,1,info,22.35413715982405,18.3767195,2.122251,180.235618,29.1429565,43.493364799999995,117.23753928000004,27446.857365549495,30900.0,13690.0,33400.0,32200.0,32500.0,33000.0,20.174786085347986,17.292524999999998,2.770282,168.469574,20.765999799999996,43.992584349999944,95.66859234,18341.52084144916,20600.0,9046.0,22600.0,21500.0,21800.0,22300.0
1,10,100,100,0,0,2,6,3,2,3,0,True,DistributionScheme.HASH,8g,12g,12g,12g,12g,12g,12g,12g,100,0:00:10,0:00:15,0:00:05,0:00:15,0:00:20,0:00:05,KeyValueStore,-1,batched_read_scale_v1,50,50,0.6,16,0,UniformMultiKeyReadWriteWorkload,50,50,1.0,16,0,UniformMultiKeyReadWriteWorkload,50,50,0.0,16,0,UniformMultiKeyReadWriteWorkload,linearizable,False,True,0:00:00.200000,1,info,"size,1,10s",False,False,info,0:00:01,1,0:00:00,0:01:00,0:02:00,0:04:00,info,1,info,info,5000,False,100,0:00:02,0:00:05,False,info,1,False,info,0:00:01,0:00:01,0:00:01,0:00:01,0:00:01,False,False,1,1,info,18.999581193241813,15.206912,0.784857,201.198092,24.637377800000003,36.855367900000026,126.29781531999998,32288.00356268092,36100.0,10300.0,39400.0,38100.0,38700.0,38910.00000000004,16.78497728141817,13.995241,0.745344,196.355765,17.630545600000005,33.95491509999997,105.11190652000008,21572.52986319653,24000.0,6800.0,26400.0,25500.0,25900.0,26100.0
1,10,100,100,0,0,2,6,4,2,4,0,True,DistributionScheme.HASH,8g,12g,12g,12g,12g,12g,12g,12g,100,0:00:10,0:00:15,0:00:05,0:00:15,0:00:20,0:00:05,KeyValueStore,-1,batched_read_scale_v1,50,50,0.6,16,0,UniformMultiKeyReadWriteWorkload,50,50,1.0,16,0,UniformMultiKeyReadWriteWorkload,50,50,0.0,16,0,UniformMultiKeyReadWriteWorkload,linearizable,False,True,0:00:00.200000,1,info,"size,1,10s",False,False,info,0:00:01,1,0:00:00,0:01:00,0:02:00,0:04:00,info,1,info,info,5000,False,100,0:00:02,0:00:05,False,info,1,False,info,0:00:01,0:00:01,0:00:01,0:00:01,0:00:01,False,False,1,1,info,18.922126367421008,13.337943,0.539809,194.773579,28.57563829999998,55.40216729999998,140.95203683,33510.17835262083,39400.0,9200.0,44100.0,42800.0,43100.0,43400.0,16.8896763975056,12.449631,1.193887,203.52809,19.3572536,51.14668359999985,116.33451585999977,22397.457511896668,26500.0,5800.0,29500.0,28500.0,28700.0,29100.0
1,10,100,100,0,0,2,6,5,2,5,0,True,DistributionScheme.HASH,8g,12g,12g,12g,12g,12g,12g,12g,100,0:00:10,0:00:15,0:00:05,0:00:15,0:00:20,0:00:05,KeyValueStore,-1,batched_read_scale_v1,50,50,0.6,16,0,UniformMultiKeyReadWriteWorkload,50,50,1.0,16,0,UniformMultiKeyReadWriteWorkload,50,50,0.0,16,0,UniformMultiKeyReadWriteWorkload,linearizable,False,True,0:00:00.200000,1,info,"size,1,10s",False,False,info,0:00:01,1,0:00:00,0:01:00,0:02:00,0:04:00,info,1,info,info,5000,False,100,0:00:02,0:00:05,False,info,1,False,info,0:00:01,0:00:01,0:00:01,0:00:01,0:00:01,False,False,1,1,info,16.764205815312682,11.9241,0.694919,261.821263,21.199776400000005,38.90541259999995,142.76800236000014,36098.156059991896,39200.0,7400.0,47300.0,45600.0,46000.0,46500.0,14.815820551845341,10.8686145,0.676275,243.097115,15.143094300000001,31.94624199999997,118.08698621999991,23997.970094598717,26200.0,5000.0,31100.0,30100.0,30400.0,30800.0
1,10,100,100,0,0,2,6,6,2,6,0,True,DistributionScheme.HASH,8g,12g,12g,12g,12g,12g,12g,12g,100,0:00:10,0:00:15,0:00:05,0:00:15,0:00:20,0:00:05,KeyValueStore,-1,batched_read_scale_v1,50,50,0.6,16,0,UniformMultiKeyReadWriteWorkload,50,50,1.0,16,0,UniformMultiKeyReadWriteWorkload,50,50,0.0,16,0,UniformMultiKeyReadWriteWorkload,linearizable,False,True,0:00:00.200000,1,info,"size,1,10s",False,False,info,0:00:01,1,0:00:00,0:01:00,0:02:00,0:04:00,info,1,info,info,5000,False,100,0:00:02,0:00:05,False,info,1,False,info,0:00:01,0:00:01,0:00:01,0:00:01,0:00:01,False,False,1,1,info,17.767413420880246,11.503436,0.976685,306.681738,22.54585760000002,52.204126200000005,169.22670559999992,37724.72051390059,41800.0,3900.0,49700.0,48700.0,48900.0,49200.0,16.178577632402575,10.509753,0.768896,302.664226,16.523110600000003,57.06583959999997,132.26295112,25183.140738403283,27800.0,2500.0,33200.0,32500.0,32700.0,32900.0
1,5,100,100,0,0,2,6,2,2,2,0,True,DistributionScheme.HASH,8g,12g,12g,12g,12g,12g,12g,12g,100,0:00:10,0:00:15,0:00:05,0:00:15,0:00:20,0:00:05,KeyValueStore,-1,batched_read_scale_v1,50,50,0.0,16,0,UniformMultiKeyReadWriteWorkload,50,50,1.0,16,0,UniformMultiKeyReadWriteWorkload,50,50,0.0,16,0,UniformMultiKeyReadWriteWorkload,linearizable,False,True,0:00:00.200000,1,info,"size,1,10s",False,False,info,0:00:01,1,0:00:00,0:01:00,0:02:00,0:04:00,info,1,info,info,5000,False,100,0:00:02,0:00:05,False,info,1,False,info,0:00:01,0:00:01,0:00:01,0:00:01,0:00:01,False,False,1,1,info,258.406208,258.406208,258.406208,258.406208,258.406208,258.406208,258.406208,nan,nan,nan,nan,nan,nan,nan,15.661437047037122,12.159516,0.368828,310.342928,15.455743600000002,20.919876599999995,130.64200516000005,29416.686138376826,29700.0,8400.0,41500.0,39700.0,40900.0,41200.0
1,5,100,100,0,0,2,6,3,2,3,0,True,DistributionScheme.HASH,8g,12g,12g,12g,12g,12g,12g,12g,100,0:00:10,0:00:15,0:00:05,0:00:15,0:00:20,0:00:05,KeyValueStore,-1,batched_read_scale_v1,50,50,0.0,16,0,UniformMultiKeyReadWriteWorkload,50,50,1.0,16,0,UniformMultiKeyReadWriteWorkload,50,50,0.0,16,0,UniformMultiKeyReadWriteWorkload,linearizable,False,True,0:00:00.200000,1,info,"size,1,10s",False,False,info,0:00:01,1,0:00:00,0:01:00,0:02:00,0:04:00,info,1,info,info,5000,False,100,0:00:02,0:00:05,False,info,1,False,info,0:00:01,0:00:01,0:00:01,0:00:01,0:00:01,False,False,1,1,info,-1.0,-1.0,-1.0,-1.0,-1.0,-1.0,-1.0,-1.0,-1.0,-1.0,-1.0,-1.0,-1.0,-1.0,15.500310187214613,11.876233,0.42392,330.060775,14.9692704,19.958774150000004,151.73134951,31553.233602661596,32600.0,3300.0,41700.0,38700.0,39100.0,41200.0
1,5,100,100,0,0,2,6,4,2,4,0,True,DistributionScheme.HASH,8g,12g,12g,12g,12g,12g,12g,12g,100,0:00:10,0:00:15,0:00:05,0:00:15,0:00:20,0:00:05,KeyValueStore,-1,batched_read_scale_v1,50,50,0.0,16,0,UniformMultiKeyReadWriteWorkload,50,50,1.0,16,0,UniformMultiKeyReadWriteWorkload,50,50,0.0,16,0,UniformMultiKeyReadWriteWorkload,linearizable,False,True,0:00:00.200000,1,info,"size,1,10s",False,False,info,0:00:01,1,0:00:00,0:01:00,0:02:00,0:04:00,info,1,info,info,5000,False,100,0:00:02,0:00:05,False,info,1,False,info,0:00:01,0:00:01,0:00:01,0:00:01,0:00:01,False,False,1,1,info,-1.0,-1.0,-1.0,-1.0,-1.0,-1.0,-1.0,-1.0,-1.0,-1.0,-1.0,-1.0,-1.0,-1.0,14.275087746312686,9.801571,0.908015,350.632705,15.3432696,23.354695599999996,132.66815013999988,31035.856308411214,32600.0,11500.0,43100.0,41600.0,42400.0,42800.0
1,5,100,100,0,0,2,6,5,2,5,0,True,DistributionScheme.HASH,8g,12g,12g,12g,12g,12g,12g,12g,100,0:00:10,0:00:15,0:00:05,0:00:15,0:00:20,0:00:05,KeyValueStore,-1,batched_read_scale_v1,50,50,0.0,16,0,UniformMultiKeyReadWriteWorkload,50,50,1.0,16,0,UniformMultiKeyReadWriteWorkload,50,50,0.0,16,0,UniformMultiKeyReadWriteWorkload,linearizable,False,True,0:00:00.200000,1,info,"size,1,10s",False,False,info,0:00:01,1,0:00:00,0:01:00,0:02:00,0:04:00,info,1,info,info,5000,False,100,0:00:02,0:00:05,False,info,1,False,info,0:00:01,0:00:01,0:00:01,0:00:01,0:00:01,False,False,1,1,info,-1.0,-1.0,-1.0,-1.0,-1.0,-1.0,-1.0,-1.0,-1.0,-1.0,-1.0,-1.0,-1.0,-1.0,16.844006616082684,10.961781,1.216753,348.42703,18.745007800000003,47.8313033999999,165.65857558000118,30006.020564197206,32500.0,2100.0,42800.0,40100.0,41100.0,42600.0
1,5,100,100,0,0,2,6,6,2,6,0,True,DistributionScheme.HASH,8g,12g,12g,12g,12g,12g,12g,12g,100,0:00:10,0:00:15,0:00:05,0:00:15,0:00:20,0:00:05,KeyValueStore,-1,batched_read_scale_v1,50,50,0.0,16,0,UniformMultiKeyReadWriteWorkload,50,50,1.0,16,0,UniformMultiKeyReadWriteWorkload,50,50,0.0,16,0,UniformMultiKeyReadWriteWorkload,linearizable,False,True,0:00:00.200000,1,info,"size,1,10s",False,False,info,0:00:01,1,0:00:00,0:01:00,0:02:00,0:04:00,info,1,info,info,5000,False,100,0:00:02,0:00:05,False,info,1,False,info,0:00:01,0:00:01,0:00:01,0:00:01,0:00:01,False,False,1,1,info,-1.0,-1.0,-1.0,-1.0,-1.0,-1.0,-1.0,-1.0,-1.0,-1.0,-1.0,-1.0,-1.0,-1.0,17.33708628424305,10.983427500000001,1.480601,340.979652,19.493497800000007,44.04626799999998,185.1334562000003,30210.11870405663,33100.0,1300.0,41900.0,41100.0,41400.0,41700.0
